Workbook
Name ______XL19: #REF!
Name ______XL19: #REF!
Name _____XL19: #REF!
Name _____XL19: #REF!
Name ____XL19: #REF!
Name ____XL19: #REF!
Name ___XL19: #REF!
Name ___XL19: #REF!
Name __WD10: #REF!
Name __WD10: #REF!
Name __XL19: #REF!
Name __XL19: #REF!
Name _Lim19: #REF!
Name _Lim19: #REF!
Name _Lim19: #REF!
Name _WD10: #REF!
Name _WD10: #REF!
Name Aๅ: #REF!
Name Aๅ: #REF!
Name FYC: #REF!
Name FYC: #REF!
Name FYC: #REF!
Name FYC_DPO: #REF!
Name FYC_DPO: #REF!
Name FYC_DPO: #REF!
Name FYC_DPO_AL: #REF!
Name FYC_DPO_AL: #REF!
Name FYC_DPO_AL: #REF!
Name FYC_Life: #REF!
Name FYC_Life: #REF!
Name FYC_Life: #REF!
Name FYC_PA: #REF!
Name FYC_PA: #REF!
Name FYC_PA: #REF!
Name FYC_PV: #REF!
Name FYC_PV: #REF!
Name FYC_PV: #REF!
Name FYC_PV12: #REF!
Name FYC_PV12: #REF!
Name FYC_PV12: #REF!
Name FYP_PV: #REF!
Name FYP_PV: #REF!
Name FYP_PV: #REF!
Name FYP_PV12: #REF!
Name FYP_PV12: #REF!
Name FYP_PV12: #REF!
Name Income: #REF!
Name Income: #REF!
Name Income: #REF!
Name Lim19pcn: #REF!
Name Lim19pcn: #REF!
Name Lim19pcn: #REF!
Name Num_Pmt_Per_Year: '[1]Int.-Bank3'!#REF!
Name Num_Pmt_Per_Year: '[1]Int.-Bank3'!#REF!
Name Num_Pmt_Per_Year: '[1]Int.-Bank3'!#REF!
Name Pay_Num: '[1]Int.-Bank3'!#REF!
Name Pay_Num: '[1]Int.-Bank3'!#REF!
Name Pay_Num: '[1]Int.-Bank3'!#REF!
Name Ratetable: #REF!
Name Ratetable: #REF!

Sheet COM
A1: แบบประกัน | B1: =VLOOKUP($D$1,$H$3:$I$39,2,0) -> สุพรีม ไลฟ์ โพรเทคเตอร์ A90/20 | C1: 1 | D1: 29 | E1: =VLOOKUP($D$1,$H$3:$J$39,3,0) -> 20SLPA | F1: =VLOOKUP($D$1,$H$3:$K$39,4,0) -> 0.75 | H1: ลำดับ | I1: แบบประกัน | J1: Code | K1: นับผลงาน | L1: Commission
A2: 1 | B2: =VLOOKUP($B$1,$I$3:$U$39,C2,0) -> 0.4 | C2: 4 | L2: 1 | M2: 2 | N2: 3 | O2: 4 | P2: 5 | Q2: 6 | R2: 7 | S2: 8 | T2: 9 | U2: 10
A3: 2 | B3: =VLOOKUP($B$1,$I$3:$U$39,C3,0) -> 0.16 | C3: 5 | H3: 37 | I3: ชั่วระยะเวลา 10/10 | J3: 10TLA | K3: 1 | L3: 0.28 | M3: 0.16 | N3: 0.1 | O3: 0.05 | P3: 0.05 | Q3: 0.05 | R3: 0.05 | S3: 0.05 | T3: 0.05 | U3: 0.05
A4: 3 | B4: =VLOOKUP($B$1,$I$3:$U$39,C4,0) -> 0.1 | C4: 6 | H4: 36 | I4: ชั่วระยะเวลา 20/20 | J4: 20TLA | K4: 1 | L4: 0.3 | M4: 0.25 | N4: 0.15 | O4: 0.05 | P4: 0.05 | Q4: 0.05 | R4: 0.05 | S4: 0.05 | T4: 0.05 | U4: 0.05
A5: 4 | B5: =VLOOKUP($B$1,$I$3:$U$39,C5,0) -> 0.05 | C5: 7 | H5: 35 | I5: ไลฟ์ โพรเทคเตอร์ เอ็กซ์ตร้า A90/1 | J5: 1LP | K5: 1 | L5: 0.03
A6: 5 | B6: =VLOOKUP($B$1,$I$3:$U$39,C6,0) -> 0.05 | C6: 8 | H6: 34 | I6: ไลฟ์ โพรเทคเตอร์ 5 (A90/5) | J6: 5LP | K6: 1 | L6: 0.1 | M6: 0.04 | N6: 0.025
A7: 6 | B7: =VLOOKUP($B$1,$I$3:$U$39,C7,0) -> 0.05 | C7: 9 | H7: 33 | I7: ไลฟ์ โพรเทคเตอร์ 10 (A90/10) | J7: 10LP | K7: 1 | L7: 0.2 | M7: 0.08 | N7: 0.05 | O7: 0.025 | P7: 0.025 | Q7: 0.025 | R7: 0.025 | S7: 0.025 | T7: 0.025 | U7: 0.025
A8: 7 | B8: =VLOOKUP($B$1,$I$3:$U$39,C8,0) -> 0.05 | C8: 10 | H8: 32 | I8: ไลฟ์ โพรเทคเตอร์ 15 (A90/15) | J8: 15LP | K8: 1 | L8: 0.25 | M8: 0.1 | N8: 0.0625 | O8: 0.035 | P8: 0.035 | Q8: 0.035 | R8: 0.035 | S8: 0.035 | T8: 0.035 | U8: 0.035
A9: 8 | B9: =VLOOKUP($B$1,$I$3:$U$39,C9,0) -> 0.05 | C9: 11 | H9: 31 | I9: ไลฟ์ โพรเทคเตอร์ 20 (A90/20) | J9: 20LPB | K9: 0.75 | L9: 0.38 | M9: 0.155 | N9: 0.095 | O9: 0.035 | P9: 0.035 | Q9: 0.035 | R9: 0.035 | S9: 0.035 | T9: 0.035 | U9: 0.035
A10: 9 | B10: =VLOOKUP($B$1,$I$3:$U$39,C10,0) -> 0.05 | C10: 12 | H10: 30 | I10: ไลฟ์ โพรเทคเตอร์ พลัส 20 (A99/20) | J10: 20LPPA | K10: 1 | L10: 0.24 | M10: 0.1 | N10: 0.06
A11: 10 | B11: =VLOOKUP($B$1,$I$3:$U$39,C11,0) -> 0.05 | C11: 13 | H11: 29 | I11: สุพรีม ไลฟ์ โพรเทคเตอร์ A90/20 | J11: 20SLPA | K11: 0.75 | L11: 0.4 | M11: 0.16 | N11: 0.1 | O11: 0.05 | P11: 0.05 | Q11: 0.05 | R11: 0.05 | S11: 0.05 | T11: 0.05 | U11: 0.05
H12: 28 | I12: ตลอดชีพ (ไม่มีเงินปันผล) A99/A90 | J12: WH90A | K12: 1 | L12: 0.36 | M12: 0.15 | N12: 0.09 | O12: 0.01 | P12: 0.01 | Q12: 0.01 | R12: 0.01 | S12: 0.01 | T12: 0.01 | U12: 0.01
H13: 27 | I13: 12 ทีเอ็กซ์ A90/12 | J13: 12TXM | K13: 1 | L13: 0.12 | M13: 0.05 | N13: 0.03
H14: 26 | I14: 24 ทีเอ็กซ์ A90/24 | J14: 24TXN | K14: 0.75 | L14: 0.3 | M14: 0.15 | N14: 0.1 | O14: 0.05
H15: 25 | I15: ตลอดชีพ เอ็กซ์ตร้า A90/10 | J15: WXN10 | K15: 1 | L15: 0.2 | M15: 0.1 | N15: 0.05 | O15: 0.025
H16: 24 | I16: ตลอดชีพ เอ็กซ์ตร้า A90/15 | J16: WXN15 | K16: 1 | L16: 0.2 | M16: 0.1 | N16: 0.075 | O16: 0.05 | P16: 0.025
H17: 23 | I17: เกษียณเพิ่มสุข A90/15 | J17: RE15 | K17: 1 | L17: 0.2 | M17: 0.08 | N17: 0.05
H18: 22 | I18: 7 สมาร์ท แพลน (21/7) | J18: 7SM | K18: 1 | L18: 0.1 | M18: 0.04 | N18: 0.025
H19: 21 | I19: 15 สมาร์ท แพลน (21/15) | J19: 15SPN | K19: 1 | L19: 0.17 | M19: 0.0875 | N19: 0.0525 | O19: 0.035 | P19: 0.0175
H20: 20 | I20: สมาร์ท เซฟวิ่งส์ 12/4 | J20: SS12 | K20: 1 | L20: 0.06 | M20: 0.024 | N20: 0.015
H21: 19 | I21: สมาร์ท เซฟวิ่งส์ 15/8 | J21: 8SS | K21: 1 | L21: 0.08 | M21: 0.032 | N21: 0.02
H22: 18 | I22: เกษียณออมทรัพย์ A60/A55 | J22: RS60 | K22: 1 | L22: 0.28 | M22: 0.12 | N22: 0.075 | O22: 0.02 | P22: 0.02 | Q22: 0.01 | R22: 0.01 | S22: 0.01 | T22: 0.01 | U22: 0.01
H23: 17 | I23: เกษียณออมทรัพย์ A65/A60 | J23: RS65 | K23: 1 | L23: 0.28 | M23: 0.12 | N23: 0.075 | O23: 0.02 | P23: 0.02 | Q23: 0.01 | R23: 0.01 | S23: 0.01 | T23: 0.01 | U23: 0.01
H24: 16 | I24: สเตป เซฟวิ่งส์ A78/6 | J24: S678 | K24: 0.5 | L24: 0.15 | M24: 0.06 | N24: 0.0375 | O24: 0.01
H25: 15 | I25: แอนนิวตี้ เรดดี้ A90/5 | J25: AR5N | K25: 1 | L25: 0.03 | M25: 0.012 | N25: 0.0075
H26: 14 | I26: แอนนิวตี้ เรดดี้ A90/A60 | J26: AR60N | K26: 1 | L26: 0.2 | M26: 0.1 | N26: 0.05 | O26: 0.05 | P26: 0.05 | Q26: 0.025 | R26: 0.025 | S26: 0.025 | T26: 0.025 | U26: 0.025
H27: 13 | I27: แอนนิวตี้ เรดดี้ A90/A65 | J27: AR65 | K27: 1 | L27: 0.2 | M27: 0.1 | N27: 0.05 | O27: 0.05 | P27: 0.05 | Q27: 0.025 | R27: 0.025 | S27: 0.025 | T27: 0.025 | U27: 0.025
H28: 12 | I28: บำนาญเพิ่มสุข A85/15 | J28: 15HA | K28: 1 | L28: 0.12 | M28: 0.1 | N28: 0.05
H29: 11 | I29: บำนาญเพิ่มสุข A85/A55 | J29: HA55 | K29: 1 | L29: 0.2 | M29: 0.1 | N29: 0.05 | O29: 0.05 | P29: 0.05 | Q29: 0.05 | R29: 0.05 | S29: 0.05 | T29: 0.05 | U29: 0.05
H30: 10 | I30: สเตป แอนนิวตี้ A90/10 | J30: AS10 | K30: 1 | L30: 0.1 | M30: 0.04 | N30: 0.025
H31: 9 | I31: สเตป แอนนิวตี้ A90/A60 | J31: AS60 | K31: 1 | L31: 0.3 | M31: 0.12 | N31: 0.075 | O31: 0.05 | P31: 0.05 | Q31: 0.015 | R31: 0.015 | S31: 0.015 | T31: 0.015 | U31: 0.015
H32: 8 | I32: ซีไอ เอ็กซ์ตร้า พลัส A90/10 | J32: 10CX | K32: 1 | L32: 0.2 | M32: 0.1 | N32: 0.07 | O32: 0.02 | P32: 0.01 | Q32: 0.01 | R32: 0.01 | S32: 0.01 | T32: 0.01 | U32: 0.01
H33: 7 | I33: ซีไอ เอ็กซ์ตร้า พลัส A90/20 | J33: 20CX | K33: 1 | L33: 0.3 | M33: 0.16 | N33: 0.1 | O33: 0.02 | P33: 0.01 | Q33: 0.01 | R33: 0.01 | S33: 0.01 | T33: 0.01 | U33: 0.01
H34: 6 | I34: ซิกเนเจอร์ เลกาซี 5 (A99/5) | J34: 5SLC | K34: 1 | L34: 0.15 | M34: 0.06 | N34: 0.0375 | O34: 0.01 | P34: 0.01
H35: 5 | I35: ซิกเนเจอร์ เลกาซี 10 (A99/10) | J35: 10SLB | K35: 1 | L35: 0.3 | M35: 0.12 | N35: 0.08 | O35: 0.025 | P35: 0.025 | Q35: 0.025 | R35: 0.025 | S35: 0.025 | T35: 0.025 | U35: 0.025
H36: 4 | I36: โปร เซฟเวอร์ 20/10 | J36: 10ES | K36: 1 | L36: 0.1 | M36: 0.05 | N36: 0.03
H37: 3 | I37: สตาร์ต เซฟเวอร์ 25/15 | J37: 15ES | K37: 1 | L37: 0.23 | M37: 0.1 | N37: 0.0625 | O37: 0.01 | P37: 0.01
H38: 2 | I38: 868 อีลีท เซฟวิ่งส์ A68/8 | J38: S868 | K38: 1 | L38: 0.15 | M38: 0.06 | N38: 0.0375 | O38: 0.01
H39: 1 | I39: 818 อีลีท เซฟวิ่งส์ 18/8 | J39: S818 | K39: 1 | L39: 0.05 | M39: 0.02 | N39: 0.0125 | O39: 0.01
H40: 0

Sheet โครงสร้างตัวแทน
B3: โครงสร้างผลประโยชน์ตัวแทน
B4: 1. ผลประโยชน์ตัวแทน (FYC,RYC) | C4: คอมมิชชั่นสูงสุด 40%
B5: 2. โบนัสรายเดือน (Momthly Bonus : MB) | C5: MB = FYC x อัตราโบนัส
B6: จ่ายตามตารางการจ่ายเงินของบริษัทฯ เดือนละครั้ง | C6: ยอดสะสม FYC (บาท) แต่ละเดือน | E6: มี K2 (ผลงานส่วนตัว) มีค่าไม่น้อยกว่า 70%
C7: 8,000 - 16,000 | E7: 0.2
C8: 16,001 - 32,000 | E8: 0.25
C9: 32,001 - 64,000 | E9: 0.3
C10: 64,001 เป็นต้นไป | E10: 0.35
B11: 3. โบนัสครึ่งปี ( MYB ) | C11: MYB = FYC x อัตราโบนัส
B12: 1.) โบนัสครึ่งปี ( ม.ค.-มิ.ย. / ก.ค. - ธ.ค. ) 2.) วัดผลเพื่อจ่ายโบนัสครึ่งปีล่วงหน้า ให้ ณ สิ้นไตรมาสที่ 1 และไตรมาสที่ 3 3.) มีการปรับปรุงเพื่อจ่ายเพิ่มหรือเรียกคืน เมื่อครบทุกครึ่งปีปฏิทิน | C12: ยอดสะสม FYC (บาท) แต่ละครึ่งปีปฏิทิน | E12: มี K2 (ผลงานส่วนตัว) มีค่าไม่น้อยกว่า 70%
C13: 40,000 - 60,000 | E13: 0.175
C14: 60,001 - 100,000 | E14: 0.2
C15: 100,001 - 150,000 | E15: 0.225
C16: 150,001 - 200,000 | E16: 0.25
C17: 200,001 - 250,000 | E17: 0.275
C18: 250,001 - 300,000 | E18: 0.3
C19: 300,001 - 400,000 | E19: 0.325
C20: 400,001 เป็นต้นไป | E20: 0.35
C21: ถ้า K2 >= 85% คิดเพิ่มเป็น 110% ของตารางข้างบน (จาก 35% เป็น 38.5% ของ FYC)
B22: 4. ผลประโยชน์จากอาชีพ (CB) | C22: CB = RYC (ปีที่ 2 -10) x %K2 หารด้วย 12 | E22: CB = RYC (ปีที่ 2 -10) x %K2 x 110% หารด้วย 12
B23: เฉลี่ยจ่ายเป็นรายเดือน | C23: 1.) FYC ปีที่ผ่านมา ไม่ต่ำกว่า 100,000 บาท | E23: 1.) FYC ปีที่ผ่านมา ไม่ต่ำกว่า 200,000 บาท
C24: 2.) Active Month ไม่ต่ำกว่า 8 เดือน | E24: 2.) Active Month ไม่ต่ำกว่า 8 เดือน
C25: 3.) ผลงานส่วนตัว 8 ราย | E25: 3.) ผลงานส่วนตัว 8 ราย
C26: 4.) K2 >= 75% วัดผลสิ้น ก.พ. ปีถัดไป | E26: 4.) K2 >= 85% วัดผลสิ้น ก.พ. ปีถัดไป
B27: 5. โบนัสตัวแทนใหม่ (NAB)
B28: นับรายสามัญเท่านั้น | C28: 1.) นับผลงานอนุมัติและคำนวณจ่าย 6 เดือนแรก (นับเดือนแต่งตั้งเป็นเดือนที่ 1)
C29: 2.) เฉพาะ 3 เดือนแรก จ่าย ณ สิ้นเดือนที่ 3
C30: FYC >= 20,000 และ มีงานอนุมัติสะสม 3 ราย | E30: 6000
C31: FYC >= 50,000 และ มีงานอนุมัติสะสม 5 ราย | E31: 15000
C32: 3.) เดือนที่ 4 - เดือนที่ 6
C33: FYC >= 40,000 และ มีงานอนุมัติสะสม 5 ราย | E33: 10000
C34: FYC >= 100,000 และ มีงานอนุมัติสะสม 10 ราย | E34: 25000
B35: 6. ประกันชีวิตและประกันสุขภาพ
B36: ยอดสะสม FYC (บาท) | C36: รายละเอียด | E36: รายละเอียดผลประโยชน์ (ปีถัดไป)
B37: 100000 | C37: 1.) มี K2 >= 70% | E37: ประกันชีวิตทุน 100,000 บาท
C38: 2.) ผลงานส่วนตัว 8 ราย ( ม.ค. - ธ.ค. )
C39: 3.) มีทุนประกันชีวิตส่วนตัวที่บริษัทไม่น้อยกว่า 100,000 บาท
B40: 300000 | C40: 1.) มี K2 >= 70% | E40: ประกันชีวิตทุน 300,000 บาท
C41: 2.) ผลงานส่วนตัว 8 ราย ( ม.ค. - ธ.ค. ) | E41: GHS 800 บาท
C42: 3.) มีทุนประกันชีวิตส่วนตัวที่บริษัทไม่น้อยกว่า 300,000 บาท | E42: OPD 500 บาท
B43: 500000 | C43: 1.) มี K2 >= 70% | E43: ประกันชีวิตทุน 500,000 บาท
C44: 2.) ผลงานส่วนตัว 8 ราย ( ม.ค. - ธ.ค. ) | E44: GHS 1,400 บาท
C45: 3.) มีทุนประกันชีวิตส่วนตัวที่บริษัทไม่น้อยกว่า 500,000 บาท | E45: OPD 500 บาท
B46: 7. กองทุนเงินสะสม (Saving Plan : SP) | C46: บริษัทสมทบ 5% ของ FYC
C47: บริษัทฯ จะจ่ายเงินสะสมให้ครั้งเดียว หลังจากทำงานครบ 120 เดือน หรือเสียชีวิต
B49: *กรมธรรม์ประเภทอุบัติเหตุส่วนบุคคล(PARD)และกรมธรรม์ประกันภัยกลุ่ม ให้นับผลงานอนุมัติรวม 50%
B50: **กรมธรรม์ประเภทอุบัติเหตุส่วนบุคคล(PAS,PASF) ให้นับผลงานอนุมัติรวม 25%

Sheet โครงสร้างรายได้
B1: =M3 -> สุพรีม ไลฟ์ โพรเทคเตอร์ A90/20 | I1: นับผลงาน | L1: พ.ศ. | M1: 2569
B2: ผลประโยชน์ตัวแทน | I2: =M4 -> 0.75
A3: FYP (ปี) | B3: 3000000 | G3: บาท | H3: K2 | I3: 0.75 | L3: แบบประกัน(Com.) | M3: =COM!$B$1 -> สุพรีม ไลฟ์ โพรเทคเตอร์ A90/20 | O3: =COM!E1 -> 20SLPA
A4: ตัวแทน (AG) | B4: อัตรา | C4: =M1 -> 2569 | D4: =C4+1 -> 2570 | E4: =D4+1 -> 2571 | F4: =E4+1 -> 2572 | G4: =F4+1 -> 2573 | H4: =G4+1 -> 2574 | I4: รวม | L4: นับผลงาน | M4: =COM!F1 -> 0.75
A5: FYC (Commission) | B5: =IF($N$5="Auto",COM!$B2,IF($N$5="Manual",M5,0)) -> 0.4 | C5: =$B$3*B5 -> 1200000 | I5: =SUM(C5:H5) -> 1200000 | L5: 1st | M5: 0.18 | N5: Auto
A6: RYC1 | B6: =IF($N$5="Auto",COM!$B3,IF($N$5="Manual",M6,0)) -> 0.16 | D6: =$B$3*B6 -> 480000 | I6: =SUM(C6:H6) -> 480000 | L6: 2nd | M6: 0.08
A7: RYC2 | B7: =IF($N$5="Auto",COM!$B4,IF($N$5="Manual",M7,0)) -> 0.1 | E7: =$B$3*B7 -> 300000 | I7: =SUM(C7:H7) -> 300000 | L7: 3rd | M7: 0.05
A8: RYC3 | B8: =IF($N$5="Auto",COM!$B5,IF($N$5="Manual",M8,0)) -> 0.05 | F8: =$B$3*B8 -> 150000 | I8: =SUM(C8:H8) -> 150000 | L8: 4th | M8: 0.025
A9: RYC4 | B9: =IF($N$5="Auto",COM!$B6,IF($N$5="Manual",M9,0)) -> 0.05 | G9: =$B$3*B9 -> 150000 | I9: =SUM(C9:H9) -> 150000 | L9: 5th | M9: 0.025
A10: โบนัสรายเดือน (MB) | B10: =IF($I$3<70%,0, IF($C$5/12>64000,"35%", IF(AND($C$5/12>32000,$C$5/12<=64000),"30%", IF(AND($C$5/12>16000,$C$5/12<=32000),"25%", IF(AND($C$5/12>8000,$C$5/12<=16000),"20%", 0))))) -> 35% | C10: =B10*$M$4*C5 -> 315000 | I10: =SUM(C10:H10) -> 315000
A11: โบนัสครึ่งปี (MYB) | B11: =IF($C$5/2>400000,"35%", IF(AND($C$5/2>300000,$C$5/2<=400000),"32.5%", IF(AND($C$5/2>250000,$C$5/2<=300000),"30%", IF(AND($C$5/2>200000,$C$5/2<=250000),"27.5%", IF(AND($C$5/2>150000,$C$5/2<=200000),"25%", IF(AND($C$5/2>100000,$C$5/2<=150000),"22.5%", IF(AND($C$5/2>60000,$C$5/2<=100000),"20%", IF(AND($C$5/2>40000,$C$5/2<=60000),"17.5%", 1))))))))*(IF($I$3<70%,0%,IF(AND($I$3>=70%,$I$3<85%),100%,IF($I$3>=85%,110%,)))) -> 0.35 | C11: =C5*$M$4*B11 -> 315000 | I11: =SUM(C11:H11) -> 315000
A12: ผลประโยชน์จากอาชีพ (CB) | E12: =IF(AND($C$5*$M$4>=200000,$I$3>=85%),SUM(D6:D9)*$I$3*$I$2*110%,IF(AND($C$5*$M$4>=100000,$I$3>=75%),SUM(D6:D9)*$I$3*$I$2*100%,0)) -> 270000 | F12: =IF(AND($C$5*$M$4>=200000,$I$3>=85%),SUM(E6:E9)*$I$3*$I$2*110%,IF(AND($C$5*$M$4>=100000,$I$3>=75%),SUM(E6:E9)*$I$3*$I$2*100%,0)) -> 168750 | G12: =IF(AND($C$5*$M$4>=200000,$I$3>=85%),SUM(F6:F9)*$I$3*$I$2*110%,IF(AND($C$5*$M$4>=100000,$I$3>=75%),SUM(F6:F9)*$I$3*$I$2*100%,0)) -> 84375 | H12: =IF(AND($C$5*$M$4>=200000,$I$3>=85%),SUM(G6:G9)*$I$3*$I$2*110%,IF(AND($C$5*$M$4>=100000,$I$3>=75%),SUM(G6:G9)*$I$3*$I$2*100%,0)) -> 84375 | I12: =SUM(C12:H12) -> 607500
A13: โบนัสตัวแทนใหม่ (NAB) | B13: =M13*3&" ราย/3ด." -> 15 ราย/3ด. | C13: =IF(AND(M13*3>=5,$C$5*$M$4/4>=50000),15000,IF(AND(M13*3>=3,$C$5*$M$4/4>=20000),6000,0))+IF(AND(M13*3>=10,$C$5*$M$4/4>=100000),25000,IF(AND(M13*3>=5,$C$5*$M$4/4>=40000),10000,0)) -> 40000 | I13: =SUM(C13:H13) -> 40000 | L13: จำนวนราย/เดือน | M13: 5
A14: กองทุนเงินสะสม (SP) | B14: 0.05 | C14: =$C$5*$M$4*$B$14 -> 45000 | I14: =SUM(C14:H14) -> 45000
A15: รวม | C15: =SUM(C5:C14) -> 1915000 | D15: =SUM(D5:D14) -> 480000 | E15: =SUM(E5:E14) -> 570000 | F15: =SUM(F5:F14) -> 318750 | G15: =SUM(G5:G14) -> 234375 | H15: =SUM(H5:H14) -> 84375 | I15: =SUM(C15:H15) -> 3602500

Sheet รายได้
B2: ตารางคำนวณรายได้ | AA2: เงินสมทบรายเดือน | AF2: แผน 1 | AP2: แผน 2 | AZ2: แผน 3
AA3: บริษัทจ่าย | AB3: 5000 | AC3: 10000 | AD3: 20000 | AF3: ตารางการจ่ายผลประโยชน์ Monthly Allowance | AP3: ตารางการจ่ายผลประโยชน์ Monthly Allowance | AZ3: ตารางการจ่ายผลประโยชน์ Monthly Allowance
B4: ผลประโยชน์ตัวแทน | O4: นับผลงาน | P4: 0.75 | Q4: 0.75 | R4: 1 | AA4: อายุงาน | AB4: ต่ำกว่า Tier | AC4: Tier 1 | AD4: Tier 2 | AF4: FP | AG4: FYC อนุมัติใหม่ | AH4: Rolling FYC | AI4: รวม FYC | AJ4: Tier | AK4: Monthly Allowance | AL4: หมายเหตุ | AP4: FP | AQ4: FYC อนุมัติใหม่ | AR4: Rolling FYC | AS4: รวม FYC | AT4: Tier | AU4: Monthly Allowance | AV4: หมายเหตุ | AZ4: FP | BA4: FYC อนุมัติใหม่ | BB4: Rolling FYC | BC4: รวม FYC | BD4: Tier | BE4: Monthly Allowance | BF4: หมายเหตุ
B5: FYP | C5: =P5 -> 3000000 | D5: บาท/ปี | E5: ALL YC | G5: =SUM(H6:H10) -> 2280000 | I5: =SUM(J6:J10) -> 2100000 | K5: =SUM(L6:L10) -> 1650000 | O5: FYP | P5: 3000000 | AA5: เดือน 0 | AB5: 3000 | AF5: อายุงาน | AG5: อย่างน้อย 50% | AH5: จากเดือนก่อน | AI5: ในเดือน | AP5: อายุงาน | AQ5: อย่างน้อย 50% | AR5: จากเดือนก่อน | AS5: ในเดือน | AZ5: อายุงาน | BA5: อย่างน้อย 50% | BB5: จากเดือนก่อน | BC5: ในเดือน
B6: 1 | C6: FYC (Commission) | G6: =P6 -> 0.4 | H6: =$C$5*G6 -> 1200000 | I6: =Q6 -> 0.38 | J6: =$C$5*I6 -> 1140000 | K6: =R6 -> 0.3 | L6: =$C$5*K6 -> 900000 | O6: FYC1 | P6: 0.4 | Q6: 0.38 | R6: 0.3 | AA6: เดือน 1 | AB6: 2250 | AC6: 4500 | AD6: 10000 | AF6: เดือนที่ 1 | AG6: =$H$6 -> 1200000 | AH6: 0 | AI6: =AG6+AH6 -> 1200000 | AJ6: =IF(AND(AG6>=$AD6*50%,AI6>=$AD6),"Tier 2",IF(AND(AG6>=$AC6*50%,AI6>=$AC6),"Tier 1",0)) -> Tier 2 | AK6: =IF(AJ6="Tier 2",20000,IF(AJ6="Tier 1",10000,IF(AND(OR(AF6="เดือนที่ 1",AF6="เดือนที่ 2"),AJ6=0,AG6>=$AB6),5000,0))) -> 20000 | AL6: ="ผลงานอนุมัติใหม่"&IF(OR(AND(AJ6="Tier 1",AG6>=$AC6),AND(AJ6="Tier 2",AG6>=$AD6)),"ถึง 100%",IF(OR(AND(AJ6=0,AG6>=$AC6*50%),AND(AJ6="Tier 1",AG6>=$AC6*50%),AND(AJ6="Tier 2",AG6>=$AD6*50%)),"ถึง 50%","ไม่ถึง 50%"))&IF(AND(AJ6=0,OR(AF6="เดือนที่ 1",AF6="เดือนที่ 2"),AI6>=$AC6*50%)," และ FYC รวมถึง "&TEXT(AI6,"#,###")&" เข้ากฎเกณฑ์ข้อ 4",IF(AND(AK6=0,AI6>=$AC6,AI6<$AD6)," แม้ว่า FYC รวมจะถึง "&TEXT($AC6,"#,###")&" บาท ของ Tier 1",IF(AND(AK6=0,AI6>=$AC6,AI6>=$AD6)," แม้ว่า FYC รวมจะถึง "&TEXT($AD6,"#,###")&" บาท ของ Tier 2",IF(AND(AJ6="Tier 1",AI6>=$AC6,AI6<$AD6)," ของ Tier 1 และ FYC รวมถึง "&TEXT($AC6,"#,###")&" บาท ของ Tier 1",IF(AND(AJ6="Tier 1",AI6>=$AC6,AI6>=$AD6)," ของ Tier 1 แม้ว่า FYC รวมจะมากกว่า "&TEXT($AD6,"#,###")&" บาท ของ Tier 2",IF(AND(AJ6="Tier 2",AI6>=$AC6,AI6>=$AD6)," ของ Tier 2 และ FYC รวมถึง "&TEXT($AD6,"#,###")&" บาท ของ Tier 2","")))))) -> ผลงานอนุมัติใหม่ถึง 100% ของ Tier 2 และ FYC รวมถึง 10,000 บาท ของ Tier 2 | AM6: 1 | AN6: =IF(AM6<=$P$4,SUM($AK$6:AK6),0) -> 0 | AP6: เดือนที่ 1 | AQ6: =$J$6 -> 1140000 | AR6: 0 | AS6: =AQ6+AR6 -> 1140000 | AT6: =IF(AND(AQ6>=$AD6*50%,AS6>=$AD6),"Tier 2",IF(AND(AQ6>=$AC6*50%,AS6>=$AC6),"Tier 1",0)) -> Tier 2 | AU6: =IF(AT6="Tier 2",20000,IF(AT6="Tier 1",10000,IF(AND(OR(AP6="เดือนที่ 1",AP6="เดือนที่ 2"),AT6=0,AQ6>=$AB6),5000,0))) -> 20000 | AV6: ="ผลงานอนุมัติใหม่"&IF(OR(AND(AT6="Tier 1",AQ6>=$AC6),AND(AT6="Tier 2",AQ6>=$AD6)),"ถึง 100%",IF(OR(AND(AT6=0,AQ6>=$AC6*50%),AND(AT6="Tier 1",AQ6>=$AC6*50%),AND(AT6="Tier 2",AQ6>=$AD6*50%)),"ถึง 50%","ไม่ถึง 50%"))&IF(AND(AT6=0,OR(AP6="เดือนที่ 1",AP6="เดือนที่ 2"),AS6>=$AC6*50%)," และ FYC รวมถึง "&TEXT(AS6,"#,###")&" เข้ากฎเกณฑ์ข้อ 4",IF(AND(AU6=0,AS6>=$AC6,AS6<$AD6)," แม้ว่า FYC รวมจะถึง "&TEXT($AC6,"#,###")&" บาท ของ Tier 1",IF(AND(AU6=0,AS6>=$AC6,AS6>=$AD6)," แม้ว่า FYC รวมจะถึง "&TEXT($AD6,"#,###")&" บาท ของ Tier 2",IF(AND(AT6="Tier 1",AS6>=$AC6,AS6<$AD6)," ของ Tier 1 และ FYC รวมถึง "&TEXT($AC6,"#,###")&" บาท ของ Tier 1",IF(AND(AT6="Tier 1",AS6>=$AC6,AS6>=$AD6)," ของ Tier 1 แม้ว่า FYC รวมจะมากกว่า "&TEXT($AD6,"#,###")&" บาท ของ Tier 2",IF(AND(AT6="Tier 2",AS6>=$AC6,AS6>=$AD6)," ของ Tier 2 และ FYC รวมถึง "&TEXT($AD6,"#,###")&" บาท ของ Tier 2","")))))) -> ผลงานอนุมัติใหม่ถึง 100% ของ Tier 2 และ FYC รวมถึง 10,000 บาท ของ Tier 2 | AW6: 1 | AX6: =IF(AW6<=$P$4,SUM($AU$6:AU6),0) -> 0 | AZ6: เดือนที่ 1 | BA6: =$L$6 -> 900000 | BB6: 0 | BC6: =BA6+BB6 -> 900000 | BD6: =IF(AND(BA6>=$AD6*50%,BC6>=$AD6),"Tier 2",IF(AND(BA6>=$AC6*50%,BC6>=$AC6),"Tier 1",0)) -> Tier 2 | BE6: =IF(BD6="Tier 2",20000,IF(BD6="Tier 1",10000,IF(AND(OR(AZ6="เดือนที่ 1",AZ6="เดือนที่ 2"),BD6=0,BA6>=$AB6),5000,0))) -> 20000 | BF6: ="ผลงานอนุมัติใหม่"&IF(OR(AND(BD6="Tier 1",BA6>=$AC6),AND(BD6="Tier 2",BA6>=$AD6)),"ถึง 100%",IF(OR(AND(BD6=0,BA6>=$AC6*50%),AND(BD6="Tier 1",BA6>=$AC6*50%),AND(BD6="Tier 2",BA6>=$AD6*50%)),"ถึง 50%","ไม่ถึง 50%"))&IF(AND(BD6=0,OR(AZ6="เดือนที่ 1",AZ6="เดือนที่ 2"),BC6>=$AC6*50%)," และ FYC รวมถึง "&TEXT(BC6,"#,###")&" เข้ากฎเกณฑ์ข้อ 4",IF(AND(BE6=0,BC6>=$AC6,BC6<$AD6)," แม้ว่า FYC รวมจะถึง "&TEXT($AC6,"#,###")&" บาท ของ Tier 1",IF(AND(BE6=0,BC6>=$AC6,BC6>=$AD6)," แม้ว่า FYC รวมจะถึง "&TEXT($AD6,"#,###")&" บาท ของ Tier 2",IF(AND(BD6="Tier 1",BC6>=$AC6,BC6<$AD6)," ของ Tier 1 และ FYC รวมถึง "&TEXT($AC6,"#,###")&" บาท ของ Tier 1",IF(AND(BD6="Tier 1",BC6>=$AC6,BC6>=$AD6)," ของ Tier 1 แม้ว่า FYC รวมจะมากกว่า "&TEXT($AD6,"#,###")&" บาท ของ Tier 2",IF(AND(BD6="Tier 2",BC6>=$AC6,BC6>=$AD6)," ของ Tier 2 และ FYC รวมถึง "&TEXT($AD6,"#,###")&" บาท ของ Tier 2","")))))) -> ผลงานอนุมัติใหม่ถึง 100% ของ Tier 2 และ FYC รวมถึง 10,000 บาท ของ Tier 2 | BG6: 1 | BH6: =IF(BG6<=$P$4,SUM($BE$6:BE6),0) -> 0
C7: RYC1 | G7: =P7 -> 0.16 | H7: =$C$5*G7 -> 480000 | I7: =Q7 -> 0.155 | J7: =$C$5*I7 -> 465000 | K7: =R7 -> 0.12 | L7: =$C$5*K7 -> 360000 | O7: RYC2 | P7: 0.16 | Q7: 0.155 | R7: 0.12 | AA7: เดือน 2 | AB7: 3000 | AC7: 6000 | AD7: 12000 | AF7: เดือนที่ 2 | AG7: =$H$6 -> 1200000 | AH7: 0 | AI7: =AG7+AH7 -> 1200000 | AJ7: =IF(AND(AG7>=$AD7*50%,AI7>=$AD7),"Tier 2",IF(AND(AG7>=$AC7*50%,AI7>=$AC7),"Tier 1",0)) -> Tier 2 | AK7: =IF(AJ7="Tier 2",20000,IF(AJ7="Tier 1",10000,IF(AND(OR(AF7="เดือนที่ 1",AF7="เดือนที่ 2"),AJ7=0,AG7>=$AB7),5000,0))) -> 20000 | AL7: ="ผลงานอนุมัติใหม่"&IF(OR(AND(AJ7="Tier 1",AG7>=$AC7),AND(AJ7="Tier 2",AG7>=$AD7)),"ถึง 100%",IF(OR(AND(AJ7=0,AG7>=$AC7*50%),AND(AJ7="Tier 1",AG7>=$AC7*50%),AND(AJ7="Tier 2",AG7>=$AD7*50%)),"ถึง 50%","ไม่ถึง 50%"))&IF(AND(AJ7=0,OR(AF7="เดือนที่ 1",AF7="เดือนที่ 2"),AI7>=$AC7*50%)," และ FYC รวมถึง "&TEXT(AI7,"#,###")&" เข้ากฎเกณฑ์ข้อ 4",IF(AND(AK7=0,AI7>=$AC7,AI7<$AD7)," แม้ว่า FYC รวมจะถึง "&TEXT($AC7,"#,###")&" บาท ของ Tier 1",IF(AND(AK7=0,AI7>=$AC7,AI7>=$AD7)," แม้ว่า FYC รวมจะถึง "&TEXT($AD7,"#,###")&" บาท ของ Tier 2",IF(AND(AJ7="Tier 1",AI7>=$AC7,AI7<$AD7)," ของ Tier 1 และ FYC รวมถึง "&TEXT($AC7,"#,###")&" บาท ของ Tier 1",IF(AND(AJ7="Tier 1",AI7>=$AC7,AI7>=$AD7)," ของ Tier 1 แม้ว่า FYC รวมจะมากกว่า "&TEXT($AD7,"#,###")&" บาท ของ Tier 2",IF(AND(AJ7="Tier 2",AI7>=$AC7,AI7>=$AD7)," ของ Tier 2 และ FYC รวมถึง "&TEXT($AD7,"#,###")&" บาท ของ Tier 2","")))))) -> ผลงานอนุมัติใหม่ถึง 100% ของ Tier 2 และ FYC รวมถึง 12,000 บาท ของ Tier 2 | AM7: 2 | AN7: =IF(AM7<=$P$4,SUM($AK$6:AK7),0) -> 0 | AP7: เดือนที่ 2 | AQ7: =$J$6 -> 1140000 | AR7: 0 | AS7: =AQ7+AR7 -> 1140000 | AT7: =IF(AND(AQ7>=$AD7*50%,AS7>=$AD7),"Tier 2",IF(AND(AQ7>=$AC7*50%,AS7>=$AC7),"Tier 1",0)) -> Tier 2 | AU7: =IF(AT7="Tier 2",20000,IF(AT7="Tier 1",10000,IF(AND(OR(AP7="เดือนที่ 1",AP7="เดือนที่ 2"),AT7=0,AQ7>=$AB7),5000,0))) -> 20000 | AV7: ="ผลงานอนุมัติใหม่"&IF(OR(AND(AT7="Tier 1",AQ7>=$AC7),AND(AT7="Tier 2",AQ7>=$AD7)),"ถึง 100%",IF(OR(AND(AT7=0,AQ7>=$AC7*50%),AND(AT7="Tier 1",AQ7>=$AC7*50%),AND(AT7="Tier 2",AQ7>=$AD7*50%)),"ถึง 50%","ไม่ถึง 50%"))&IF(AND(AT7=0,OR(AP7="เดือนที่ 1",AP7="เดือนที่ 2"),AS7>=$AC7*50%)," และ FYC รวมถึง "&TEXT(AS7,"#,###")&" เข้ากฎเกณฑ์ข้อ 4",IF(AND(AU7=0,AS7>=$AC7,AS7<$AD7)," แม้ว่า FYC รวมจะถึง "&TEXT($AC7,"#,###")&" บาท ของ Tier 1",IF(AND(AU7=0,AS7>=$AC7,AS7>=$AD7)," แม้ว่า FYC รวมจะถึง "&TEXT($AD7,"#,###")&" บาท ของ Tier 2",IF(AND(AT7="Tier 1",AS7>=$AC7,AS7<$AD7)," ของ Tier 1 และ FYC รวมถึง "&TEXT($AC7,"#,###")&" บาท ของ Tier 1",IF(AND(AT7="Tier 1",AS7>=$AC7,AS7>=$AD7)," ของ Tier 1 แม้ว่า FYC รวมจะมากกว่า "&TEXT($AD7,"#,###")&" บาท ของ Tier 2",IF(AND(AT7="Tier 2",AS7>=$AC7,AS7>=$AD7)," ของ Tier 2 และ FYC รวมถึง "&TEXT($AD7,"#,###")&" บาท ของ Tier 2","")))))) -> ผลงานอนุมัติใหม่ถึง 100% ของ Tier 2 และ FYC รวมถึง 12,000 บาท ของ Tier 2 | AW7: 2 | AX7: =IF(AW7<=$P$4,SUM($AU$6:AU7),0) -> 0 | AZ7: เดือนที่ 2 | BA7: =$L$6 -> 900000 | BB7: 0 | BC7: =BA7+BB7 -> 900000 | BD7: =IF(AND(BA7>=$AD7*50%,BC7>=$AD7),"Tier 2",IF(AND(BA7>=$AC7*50%,BC7>=$AC7),"Tier 1",0)) -> Tier 2 | BE7: =IF(BD7="Tier 2",20000,IF(BD7="Tier 1",10000,IF(AND(OR(AZ7="เดือนที่ 1",AZ7="เดือนที่ 2"),BD7=0,BA7>=$AB7),5000,0))) -> 20000 | BF7: ="ผลงานอนุมัติใหม่"&IF(OR(AND(BD7="Tier 1",BA7>=$AC7),AND(BD7="Tier 2",BA7>=$AD7)),"ถึง 100%",IF(OR(AND(BD7=0,BA7>=$AC7*50%),AND(BD7="Tier 1",BA7>=$AC7*50%),AND(BD7="Tier 2",BA7>=$AD7*50%)),"ถึง 50%","ไม่ถึง 50%"))&IF(AND(BD7=0,OR(AZ7="เดือนที่ 1",AZ7="เดือนที่ 2"),BC7>=$AC7*50%)," และ FYC รวมถึง "&TEXT(BC7,"#,###")&" เข้ากฎเกณฑ์ข้อ 4",IF(AND(BE7=0,BC7>=$AC7,BC7<$AD7)," แม้ว่า FYC รวมจะถึง "&TEXT($AC7,"#,###")&" บาท ของ Tier 1",IF(AND(BE7=0,BC7>=$AC7,BC7>=$AD7)," แม้ว่า FYC รวมจะถึง "&TEXT($AD7,"#,###")&" บาท ของ Tier 2",IF(AND(BD7="Tier 1",BC7>=$AC7,BC7<$AD7)," ของ Tier 1 และ FYC รวมถึง "&TEXT($AC7,"#,###")&" บาท ของ Tier 1",IF(AND(BD7="Tier 1",BC7>=$AC7,BC7>=$AD7)," ของ Tier 1 แม้ว่า FYC รวมจะมากกว่า "&TEXT($AD7,"#,###")&" บาท ของ Tier 2",IF(AND(BD7="Tier 2",BC7>=$AC7,BC7>=$AD7)," ของ Tier 2 และ FYC รวมถึง "&TEXT($AD7,"#,###")&" บาท ของ Tier 2","")))))) -> ผลงานอนุมัติใหม่ถึง 100% ของ Tier 2 และ FYC รวมถึง 12,000 บาท ของ Tier 2 | BG7: 2 | BH7: =IF(BG7<=$P$4,SUM($BE$6:BE7),0) -> 0
C8: RYC2 | G8: =P8 -> 0.1 | H8: =$C$5*G8 -> 300000 | I8: =Q8 -> 0.095 | J8: =$C$5*I8 -> 285000 | K8: =R8 -> 0.08 | L8: =$C$5*K8 -> 240000 | O8: RYC3 | P8: 0.1 | Q8: 0.095 | R8: 0.08 | AA8: เดือน 3 | AC8: 10000 | AD8: 18000 | AF8: เดือนที่ 3 | AG8: =$H$6 -> 1200000 | AH8: 0 | AI8: =AG8+AH8 -> 1200000 | AJ8: =IF(AND(AG8>=$AD8*50%,AI8>=$AD8),"Tier 2",IF(AND(AG8>=$AC8*50%,AI8>=$AC8),"Tier 1",0)) -> Tier 2 | AK8: =IF(AJ8="Tier 2",20000,IF(AJ8="Tier 1",10000,IF(AND(OR(AF8="เดือนที่ 1",AF8="เดือนที่ 2"),AJ8=0,AG8>=$AB8),5000,0))) -> 20000 | AL8: ="ผลงานอนุมัติใหม่"&IF(OR(AND(AJ8="Tier 1",AG8>=$AC8),AND(AJ8="Tier 2",AG8>=$AD8)),"ถึง 100%",IF(OR(AND(AJ8=0,AG8>=$AC8*50%),AND(AJ8="Tier 1",AG8>=$AC8*50%),AND(AJ8="Tier 2",AG8>=$AD8*50%)),"ถึง 50%","ไม่ถึง 50%"))&IF(AND(AJ8=0,OR(AF8="เดือนที่ 1",AF8="เดือนที่ 2"),AI8>=$AC8*50%)," และ FYC รวมถึง "&TEXT(AI8,"#,###")&" เข้ากฎเกณฑ์ข้อ 4",IF(AND(AK8=0,AI8>=$AC8,AI8<$AD8)," แม้ว่า FYC รวมจะถึง "&TEXT($AC8,"#,###")&" บาท ของ Tier 1",IF(AND(AK8=0,AI8>=$AC8,AI8>=$AD8)," แม้ว่า FYC รวมจะถึง "&TEXT($AD8,"#,###")&" บาท ของ Tier 2",IF(AND(AJ8="Tier 1",AI8>=$AC8,AI8<$AD8)," ของ Tier 1 และ FYC รวมถึง "&TEXT($AC8,"#,###")&" บาท ของ Tier 1",IF(AND(AJ8="Tier 1",AI8>=$AC8,AI8>=$AD8)," ของ Tier 1 แม้ว่า FYC รวมจะมากกว่า "&TEXT($AD8,"#,###")&" บาท ของ Tier 2",IF(AND(AJ8="Tier 2",AI8>=$AC8,AI8>=$AD8)," ของ Tier 2 และ FYC รวมถึง "&TEXT($AD8,"#,###")&" บาท ของ Tier 2","")))))) -> ผลงานอนุมัติใหม่ถึง 100% ของ Tier 2 และ FYC รวมถึง 18,000 บาท ของ Tier 2 | AM8: 3 | AN8: =IF(AM8<=$P$4,SUM($AK$6:AK8),0) -> 0 | AP8: เดือนที่ 3 | AQ8: =$J$6 -> 1140000 | AR8: 0 | AS8: =AQ8+AR8 -> 1140000 | AT8: =IF(AND(AQ8>=$AD8*50%,AS8>=$AD8),"Tier 2",IF(AND(AQ8>=$AC8*50%,AS8>=$AC8),"Tier 1",0)) -> Tier 2 | AU8: =IF(AT8="Tier 2",20000,IF(AT8="Tier 1",10000,IF(AND(OR(AP8="เดือนที่ 1",AP8="เดือนที่ 2"),AT8=0,AQ8>=$AB8),5000,0))) -> 20000 | AV8: ="ผลงานอนุมัติใหม่"&IF(OR(AND(AT8="Tier 1",AQ8>=$AC8),AND(AT8="Tier 2",AQ8>=$AD8)),"ถึง 100%",IF(OR(AND(AT8=0,AQ8>=$AC8*50%),AND(AT8="Tier 1",AQ8>=$AC8*50%),AND(AT8="Tier 2",AQ8>=$AD8*50%)),"ถึง 50%","ไม่ถึง 50%"))&IF(AND(AT8=0,OR(AP8="เดือนที่ 1",AP8="เดือนที่ 2"),AS8>=$AC8*50%)," และ FYC รวมถึง "&TEXT(AS8,"#,###")&" เข้ากฎเกณฑ์ข้อ 4",IF(AND(AU8=0,AS8>=$AC8,AS8<$AD8)," แม้ว่า FYC รวมจะถึง "&TEXT($AC8,"#,###")&" บาท ของ Tier 1",IF(AND(AU8=0,AS8>=$AC8,AS8>=$AD8)," แม้ว่า FYC รวมจะถึง "&TEXT($AD8,"#,###")&" บาท ของ Tier 2",IF(AND(AT8="Tier 1",AS8>=$AC8,AS8<$AD8)," ของ Tier 1 และ FYC รวมถึง "&TEXT($AC8,"#,###")&" บาท ของ Tier 1",IF(AND(AT8="Tier 1",AS8>=$AC8,AS8>=$AD8)," ของ Tier 1 แม้ว่า FYC รวมจะมากกว่า "&TEXT($AD8,"#,###")&" บาท ของ Tier 2",IF(AND(AT8="Tier 2",AS8>=$AC8,AS8>=$AD8)," ของ Tier 2 และ FYC รวมถึง "&TEXT($AD8,"#,###")&" บาท ของ Tier 2","")))))) -> ผลงานอนุมัติใหม่ถึง 100% ของ Tier 2 และ FYC รวมถึง 18,000 บาท ของ Tier 2 | AW8: 3 | AX8: =IF(AW8<=$P$4,SUM($AU$6:AU8),0) -> 0 | AZ8: เดือนที่ 3 | BA8: =$L$6 -> 900000 | BB8: 0 | BC8: =BA8+BB8 -> 900000 | BD8: =IF(AND(BA8>=$AD8*50%,BC8>=$AD8),"Tier 2",IF(AND(BA8>=$AC8*50%,BC8>=$AC8),"Tier 1",0)) -> Tier 2 | BE8: =IF(BD8="Tier 2",20000,IF(BD8="Tier 1",10000,IF(AND(OR(AZ8="เดือนที่ 1",AZ8="เดือนที่ 2"),BD8=0,BA8>=$AB8),5000,0))) -> 20000 | BF8: ="ผลงานอนุมัติใหม่"&IF(OR(AND(BD8="Tier 1",BA8>=$AC8),AND(BD8="Tier 2",BA8>=$AD8)),"ถึง 100%",IF(OR(AND(BD8=0,BA8>=$AC8*50%),AND(BD8="Tier 1",BA8>=$AC8*50%),AND(BD8="Tier 2",BA8>=$AD8*50%)),"ถึง 50%","ไม่ถึง 50%"))&IF(AND(BD8=0,OR(AZ8="เดือนที่ 1",AZ8="เดือนที่ 2"),BC8>=$AC8*50%)," และ FYC รวมถึง "&TEXT(BC8,"#,###")&" เข้ากฎเกณฑ์ข้อ 4",IF(AND(BE8=0,BC8>=$AC8,BC8<$AD8)," แม้ว่า FYC รวมจะถึง "&TEXT($AC8,"#,###")&" บาท ของ Tier 1",IF(AND(BE8=0,BC8>=$AC8,BC8>=$AD8)," แม้ว่า FYC รวมจะถึง "&TEXT($AD8,"#,###")&" บาท ของ Tier 2",IF(AND(BD8="Tier 1",BC8>=$AC8,BC8<$AD8)," ของ Tier 1 และ FYC รวมถึง "&TEXT($AC8,"#,###")&" บาท ของ Tier 1",IF(AND(BD8="Tier 1",BC8>=$AC8,BC8>=$AD8)," ของ Tier 1 แม้ว่า FYC รวมจะมากกว่า "&TEXT($AD8,"#,###")&" บาท ของ Tier 2",IF(AND(BD8="Tier 2",BC8>=$AC8,BC8>=$AD8)," ของ Tier 2 และ FYC รวมถึง "&TEXT($AD8,"#,###")&" บาท ของ Tier 2","")))))) -> ผลงานอนุมัติใหม่ถึง 100% ของ Tier 2 และ FYC รวมถึง 18,000 บาท ของ Tier 2 | BG8: 3 | BH8: =IF(BG8<=$P$4,SUM($BE$6:BE8),0) -> 0
C9: RYC3 | G9: =P9 -> 0.05 | H9: =$C$5*G9 -> 150000 | I9: =Q9 -> 0.035 | J9: =$C$5*I9 -> 105000 | K9: =R9 -> 0.025 | L9: =$C$5*K9 -> 75000 | O9: RYC4 | P9: 0.05 | Q9: 0.035 | R9: 0.025 | AA9: เดือน 4 | AC9: 10000 | AD9: 18000 | AF9: เดือนที่ 4 | AG9: =$H$6 -> 1200000 | AH9: 0 | AI9: =AG9+AH9 -> 1200000 | AJ9: =IF(AND(AG9>=$AD9*50%,AI9>=$AD9),"Tier 2",IF(AND(AG9>=$AC9*50%,AI9>=$AC9),"Tier 1",0)) -> Tier 2 | AK9: =IF(AJ9="Tier 2",20000,IF(AJ9="Tier 1",10000,IF(AND(OR(AF9="เดือนที่ 1",AF9="เดือนที่ 2"),AJ9=0,AG9>=$AB9),5000,0))) -> 20000 | AL9: ="ผลงานอนุมัติใหม่"&IF(OR(AND(AJ9="Tier 1",AG9>=$AC9),AND(AJ9="Tier 2",AG9>=$AD9)),"ถึง 100%",IF(OR(AND(AJ9=0,AG9>=$AC9*50%),AND(AJ9="Tier 1",AG9>=$AC9*50%),AND(AJ9="Tier 2",AG9>=$AD9*50%)),"ถึง 50%","ไม่ถึง 50%"))&IF(AND(AJ9=0,OR(AF9="เดือนที่ 1",AF9="เดือนที่ 2"),AI9>=$AC9*50%)," และ FYC รวมถึง "&TEXT(AI9,"#,###")&" เข้ากฎเกณฑ์ข้อ 4",IF(AND(AK9=0,AI9>=$AC9,AI9<$AD9)," แม้ว่า FYC รวมจะถึง "&TEXT($AC9,"#,###")&" บาท ของ Tier 1",IF(AND(AK9=0,AI9>=$AC9,AI9>=$AD9)," แม้ว่า FYC รวมจะถึง "&TEXT($AD9,"#,###")&" บาท ของ Tier 2",IF(AND(AJ9="Tier 1",AI9>=$AC9,AI9<$AD9)," ของ Tier 1 และ FYC รวมถึง "&TEXT($AC9,"#,###")&" บาท ของ Tier 1",IF(AND(AJ9="Tier 1",AI9>=$AC9,AI9>=$AD9)," ของ Tier 1 แม้ว่า FYC รวมจะมากกว่า "&TEXT($AD9,"#,###")&" บาท ของ Tier 2",IF(AND(AJ9="Tier 2",AI9>=$AC9,AI9>=$AD9)," ของ Tier 2 และ FYC รวมถึง "&TEXT($AD9,"#,###")&" บาท ของ Tier 2","")))))) -> ผลงานอนุมัติใหม่ถึง 100% ของ Tier 2 และ FYC รวมถึง 18,000 บาท ของ Tier 2 | AM9: 4 | AN9: =IF(AM9<=$P$4,SUM($AK$6:AK9),0) -> 0 | AP9: เดือนที่ 4 | AQ9: =$J$6 -> 1140000 | AR9: 0 | AS9: =AQ9+AR9 -> 1140000 | AT9: =IF(AND(AQ9>=$AD9*50%,AS9>=$AD9),"Tier 2",IF(AND(AQ9>=$AC9*50%,AS9>=$AC9),"Tier 1",0)) -> Tier 2 | AU9: =IF(AT9="Tier 2",20000,IF(AT9="Tier 1",10000,IF(AND(OR(AP9="เดือนที่ 1",AP9="เดือนที่ 2"),AT9=0,AQ9>=$AB9),5000,0))) -> 20000 | AV9: ="ผลงานอนุมัติใหม่"&IF(OR(AND(AT9="Tier 1",AQ9>=$AC9),AND(AT9="Tier 2",AQ9>=$AD9)),"ถึง 100%",IF(OR(AND(AT9=0,AQ9>=$AC9*50%),AND(AT9="Tier 1",AQ9>=$AC9*50%),AND(AT9="Tier 2",AQ9>=$AD9*50%)),"ถึง 50%","ไม่ถึง 50%"))&IF(AND(AT9=0,OR(AP9="เดือนที่ 1",AP9="เดือนที่ 2"),AS9>=$AC9*50%)," และ FYC รวมถึง "&TEXT(AS9,"#,###")&" เข้ากฎเกณฑ์ข้อ 4",IF(AND(AU9=0,AS9>=$AC9,AS9<$AD9)," แม้ว่า FYC รวมจะถึง "&TEXT($AC9,"#,###")&" บาท ของ Tier 1",IF(AND(AU9=0,AS9>=$AC9,AS9>=$AD9)," แม้ว่า FYC รวมจะถึง "&TEXT($AD9,"#,###")&" บาท ของ Tier 2",IF(AND(AT9="Tier 1",AS9>=$AC9,AS9<$AD9)," ของ Tier 1 และ FYC รวมถึง "&TEXT($AC9,"#,###")&" บาท ของ Tier 1",IF(AND(AT9="Tier 1",AS9>=$AC9,AS9>=$AD9)," ของ Tier 1 แม้ว่า FYC รวมจะมากกว่า "&TEXT($AD9,"#,###")&" บาท ของ Tier 2",IF(AND(AT9="Tier 2",AS9>=$AC9,AS9>=$AD9)," ของ Tier 2 และ FYC รวมถึง "&TEXT($AD9,"#,###")&" บาท ของ Tier 2","")))))) -> ผลงานอนุมัติใหม่ถึง 100% ของ Tier 2 และ FYC รวมถึง 18,000 บาท ของ Tier 2 | AW9: 4 | AX9: =IF(AW9<=$P$4,SUM($AU$6:AU9),0) -> 0 | AZ9: เดือนที่ 4 | BA9: =$L$6 -> 900000 | BB9: 0 | BC9: =BA9+BB9 -> 900000 | BD9: =IF(AND(BA9>=$AD9*50%,BC9>=$AD9),"Tier 2",IF(AND(BA9>=$AC9*50%,BC9>=$AC9),"Tier 1",0)) -> Tier 2 | BE9: =IF(BD9="Tier 2",20000,IF(BD9="Tier 1",10000,IF(AND(OR(AZ9="เดือนที่ 1",AZ9="เดือนที่ 2"),BD9=0,BA9>=$AB9),5000,0))) -> 20000 | BF9: ="ผลงานอนุมัติใหม่"&IF(OR(AND(BD9="Tier 1",BA9>=$AC9),AND(BD9="Tier 2",BA9>=$AD9)),"ถึง 100%",IF(OR(AND(BD9=0,BA9>=$AC9*50%),AND(BD9="Tier 1",BA9>=$AC9*50%),AND(BD9="Tier 2",BA9>=$AD9*50%)),"ถึง 50%","ไม่ถึง 50%"))&IF(AND(BD9=0,OR(AZ9="เดือนที่ 1",AZ9="เดือนที่ 2"),BC9>=$AC9*50%)," และ FYC รวมถึง "&TEXT(BC9,"#,###")&" เข้ากฎเกณฑ์ข้อ 4",IF(AND(BE9=0,BC9>=$AC9,BC9<$AD9)," แม้ว่า FYC รวมจะถึง "&TEXT($AC9,"#,###")&" บาท ของ Tier 1",IF(AND(BE9=0,BC9>=$AC9,BC9>=$AD9)," แม้ว่า FYC รวมจะถึง "&TEXT($AD9,"#,###")&" บาท ของ Tier 2",IF(AND(BD9="Tier 1",BC9>=$AC9,BC9<$AD9)," ของ Tier 1 และ FYC รวมถึง "&TEXT($AC9,"#,###")&" บาท ของ Tier 1",IF(AND(BD9="Tier 1",BC9>=$AC9,BC9>=$AD9)," ของ Tier 1 แม้ว่า FYC รวมจะมากกว่า "&TEXT($AD9,"#,###")&" บาท ของ Tier 2",IF(AND(BD9="Tier 2",BC9>=$AC9,BC9>=$AD9)," ของ Tier 2 และ FYC รวมถึง "&TEXT($AD9,"#,###")&" บาท ของ Tier 2","")))))) -> ผลงานอนุมัติใหม่ถึง 100% ของ Tier 2 และ FYC รวมถึง 18,000 บาท ของ Tier 2 | BG9: 4 | BH9: =IF(BG9<=$P$4,SUM($BE$6:BE9),0) -> 0
C10: RYC4 | G10: =P10 -> 0.05 | H10: =$C$5*G10 -> 150000 | I10: =Q10 -> 0.035 | J10: =$C$5*I10 -> 105000 | K10: =R10 -> 0.025 | L10: =$C$5*K10 -> 75000 | O10: RYC5 | P10: 0.05 | Q10: 0.035 | R10: 0.025 | AA10: เดือน 5 | AC10: 15000 | AD10: 30000 | AF10: เดือนที่ 5 | AG10: =$H$6 -> 1200000 | AH10: 0 | AI10: =AG10+AH10 -> 1200000 | AJ10: =IF(AND(AG10>=$AD10*50%,AI10>=$AD10),"Tier 2",IF(AND(AG10>=$AC10*50%,AI10>=$AC10),"Tier 1",0)) -> Tier 2 | AK10: =IF(AJ10="Tier 2",20000,IF(AJ10="Tier 1",10000,IF(AND(OR(AF10="เดือนที่ 1",AF10="เดือนที่ 2"),AJ10=0,AG10>=$AB10),5000,0))) -> 20000 | AL10: ="ผลงานอนุมัติใหม่"&IF(OR(AND(AJ10="Tier 1",AG10>=$AC10),AND(AJ10="Tier 2",AG10>=$AD10)),"ถึง 100%",IF(OR(AND(AJ10=0,AG10>=$AC10*50%),AND(AJ10="Tier 1",AG10>=$AC10*50%),AND(AJ10="Tier 2",AG10>=$AD10*50%)),"ถึง 50%","ไม่ถึง 50%"))&IF(AND(AJ10=0,OR(AF10="เดือนที่ 1",AF10="เดือนที่ 2"),AI10>=$AC10*50%)," และ FYC รวมถึง "&TEXT(AI10,"#,###")&" เข้ากฎเกณฑ์ข้อ 4",IF(AND(AK10=0,AI10>=$AC10,AI10<$AD10)," แม้ว่า FYC รวมจะถึง "&TEXT($AC10,"#,###")&" บาท ของ Tier 1",IF(AND(AK10=0,AI10>=$AC10,AI10>=$AD10)," แม้ว่า FYC รวมจะถึง "&TEXT($AD10,"#,###")&" บาท ของ Tier 2",IF(AND(AJ10="Tier 1",AI10>=$AC10,AI10<$AD10)," ของ Tier 1 และ FYC รวมถึง "&TEXT($AC10,"#,###")&" บาท ของ Tier 1",IF(AND(AJ10="Tier 1",AI10>=$AC10,AI10>=$AD10)," ของ Tier 1 แม้ว่า FYC รวมจะมากกว่า "&TEXT($AD10,"#,###")&" บาท ของ Tier 2",IF(AND(AJ10="Tier 2",AI10>=$AC10,AI10>=$AD10)," ของ Tier 2 และ FYC รวมถึง "&TEXT($AD10,"#,###")&" บาท ของ Tier 2","")))))) -> ผลงานอนุมัติใหม่ถึง 100% ของ Tier 2 และ FYC รวมถึง 30,000 บาท ของ Tier 2 | AM10: 5 | AN10: =IF(AM10<=$P$4,SUM($AK$6:AK10),0) -> 0 | AP10: เดือนที่ 5 | AQ10: =$J$6 -> 1140000 | AR10: 0 | AS10: =AQ10+AR10 -> 1140000 | AT10: =IF(AND(AQ10>=$AD10*50%,AS10>=$AD10),"Tier 2",IF(AND(AQ10>=$AC10*50%,AS10>=$AC10),"Tier 1",0)) -> Tier 2 | AU10: =IF(AT10="Tier 2",20000,IF(AT10="Tier 1",10000,IF(AND(OR(AP10="เดือนที่ 1",AP10="เดือนที่ 2"),AT10=0,AQ10>=$AB10),5000,0))) -> 20000 | AV10: ="ผลงานอนุมัติใหม่"&IF(OR(AND(AT10="Tier 1",AQ10>=$AC10),AND(AT10="Tier 2",AQ10>=$AD10)),"ถึง 100%",IF(OR(AND(AT10=0,AQ10>=$AC10*50%),AND(AT10="Tier 1",AQ10>=$AC10*50%),AND(AT10="Tier 2",AQ10>=$AD10*50%)),"ถึง 50%","ไม่ถึง 50%"))&IF(AND(AT10=0,OR(AP10="เดือนที่ 1",AP10="เดือนที่ 2"),AS10>=$AC10*50%)," และ FYC รวมถึง "&TEXT(AS10,"#,###")&" เข้ากฎเกณฑ์ข้อ 4",IF(AND(AU10=0,AS10>=$AC10,AS10<$AD10)," แม้ว่า FYC รวมจะถึง "&TEXT($AC10,"#,###")&" บาท ของ Tier 1",IF(AND(AU10=0,AS10>=$AC10,AS10>=$AD10)," แม้ว่า FYC รวมจะถึง "&TEXT($AD10,"#,###")&" บาท ของ Tier 2",IF(AND(AT10="Tier 1",AS10>=$AC10,AS10<$AD10)," ของ Tier 1 และ FYC รวมถึง "&TEXT($AC10,"#,###")&" บาท ของ Tier 1",IF(AND(AT10="Tier 1",AS10>=$AC10,AS10>=$AD10)," ของ Tier 1 แม้ว่า FYC รวมจะมากกว่า "&TEXT($AD10,"#,###")&" บาท ของ Tier 2",IF(AND(AT10="Tier 2",AS10>=$AC10,AS10>=$AD10)," ของ Tier 2 และ FYC รวมถึง "&TEXT($AD10,"#,###")&" บาท ของ Tier 2","")))))) -> ผลงานอนุมัติใหม่ถึง 100% ของ Tier 2 และ FYC รวมถึง 30,000 บาท ของ Tier 2 | AW10: 5 | AX10: =IF(AW10<=$P$4,SUM($AU$6:AU10),0) -> 0 | AZ10: เดือนที่ 5 | BA10: =$L$6 -> 900000 | BB10: 0 | BC10: =BA10+BB10 -> 900000 | BD10: =IF(AND(BA10>=$AD10*50%,BC10>=$AD10),"Tier 2",IF(AND(BA10>=$AC10*50%,BC10>=$AC10),"Tier 1",0)) -> Tier 2 | BE10: =IF(BD10="Tier 2",20000,IF(BD10="Tier 1",10000,IF(AND(OR(AZ10="เดือนที่ 1",AZ10="เดือนที่ 2"),BD10=0,BA10>=$AB10),5000,0))) -> 20000 | BF10: ="ผลงานอนุมัติใหม่"&IF(OR(AND(BD10="Tier 1",BA10>=$AC10),AND(BD10="Tier 2",BA10>=$AD10)),"ถึง 100%",IF(OR(AND(BD10=0,BA10>=$AC10*50%),AND(BD10="Tier 1",BA10>=$AC10*50%),AND(BD10="Tier 2",BA10>=$AD10*50%)),"ถึง 50%","ไม่ถึง 50%"))&IF(AND(BD10=0,OR(AZ10="เดือนที่ 1",AZ10="เดือนที่ 2"),BC10>=$AC10*50%)," และ FYC รวมถึง "&TEXT(BC10,"#,###")&" เข้ากฎเกณฑ์ข้อ 4",IF(AND(BE10=0,BC10>=$AC10,BC10<$AD10)," แม้ว่า FYC รวมจะถึง "&TEXT($AC10,"#,###")&" บาท ของ Tier 1",IF(AND(BE10=0,BC10>=$AC10,BC10>=$AD10)," แม้ว่า FYC รวมจะถึง "&TEXT($AD10,"#,###")&" บาท ของ Tier 2",IF(AND(BD10="Tier 1",BC10>=$AC10,BC10<$AD10)," ของ Tier 1 และ FYC รวมถึง "&TEXT($AC10,"#,###")&" บาท ของ Tier 1",IF(AND(BD10="Tier 1",BC10>=$AC10,BC10>=$AD10)," ของ Tier 1 แม้ว่า FYC รวมจะมากกว่า "&TEXT($AD10,"#,###")&" บาท ของ Tier 2",IF(AND(BD10="Tier 2",BC10>=$AC10,BC10>=$AD10)," ของ Tier 2 และ FYC รวมถึง "&TEXT($AD10,"#,###")&" บาท ของ Tier 2","")))))) -> ผลงานอนุมัติใหม่ถึง 100% ของ Tier 2 และ FYC รวมถึง 30,000 บาท ของ Tier 2 | BG10: 5 | BH10: =IF(BG10<=$P$4,SUM($BE$6:BE10),0) -> 0
B11: Bonus | D11: FYC สะสม | F11: อัตรา | G11: ผลงาน | H11: =P4 -> 0.75 | I11: ผลงาน | J11: =Q4 -> 0.75 | K11: ผลงาน | L11: =R4 -> 1 | O11: K2 | P11: 0.75 | Q11: 0.75 | R11: 0.75 | AA11: เดือน 7 | AC11: 15000 | AD11: 30000 | AF11: เดือนที่ 7 | AG11: =$H$6 -> 1200000 | AH11: 0 | AI11: =AG11+AH11 -> 1200000 | AJ11: =IF(AND(AG11>=$AD11*50%,AI11>=$AD11),"Tier 2",IF(AND(AG11>=$AC11*50%,AI11>=$AC11),"Tier 1",0)) -> Tier 2 | AK11: =IF(AJ11="Tier 2",20000,IF(AJ11="Tier 1",10000,IF(AND(OR(AF11="เดือนที่ 1",AF11="เดือนที่ 2"),AJ11=0,AG11>=$AB11),5000,0))) -> 20000 | AL11: ="ผลงานอนุมัติใหม่"&IF(OR(AND(AJ11="Tier 1",AG11>=$AC11),AND(AJ11="Tier 2",AG11>=$AD11)),"ถึง 100%",IF(OR(AND(AJ11=0,AG11>=$AC11*50%),AND(AJ11="Tier 1",AG11>=$AC11*50%),AND(AJ11="Tier 2",AG11>=$AD11*50%)),"ถึง 50%","ไม่ถึง 50%"))&IF(AND(AJ11=0,OR(AF11="เดือนที่ 1",AF11="เดือนที่ 2"),AI11>=$AC11*50%)," และ FYC รวมถึง "&TEXT(AI11,"#,###")&" เข้ากฎเกณฑ์ข้อ 4",IF(AND(AK11=0,AI11>=$AC11,AI11<$AD11)," แม้ว่า FYC รวมจะถึง "&TEXT($AC11,"#,###")&" บาท ของ Tier 1",IF(AND(AK11=0,AI11>=$AC11,AI11>=$AD11)," แม้ว่า FYC รวมจะถึง "&TEXT($AD11,"#,###")&" บาท ของ Tier 2",IF(AND(AJ11="Tier 1",AI11>=$AC11,AI11<$AD11)," ของ Tier 1 และ FYC รวมถึง "&TEXT($AC11,"#,###")&" บาท ของ Tier 1",IF(AND(AJ11="Tier 1",AI11>=$AC11,AI11>=$AD11)," ของ Tier 1 แม้ว่า FYC รวมจะมากกว่า "&TEXT($AD11,"#,###")&" บาท ของ Tier 2",IF(AND(AJ11="Tier 2",AI11>=$AC11,AI11>=$AD11)," ของ Tier 2 และ FYC รวมถึง "&TEXT($AD11,"#,###")&" บาท ของ Tier 2","")))))) -> ผลงานอนุมัติใหม่ถึง 100% ของ Tier 2 และ FYC รวมถึง 30,000 บาท ของ Tier 2 | AM11: 7 | AN11: =IF(AM11<=$P$4,SUM($AK$6:AK11),0) -> 0 | AP11: เดือนที่ 7 | AQ11: =$J$6 -> 1140000 | AR11: 0 | AS11: =AQ11+AR11 -> 1140000 | AT11: =IF(AND(AQ11>=$AD11*50%,AS11>=$AD11),"Tier 2",IF(AND(AQ11>=$AC11*50%,AS11>=$AC11),"Tier 1",0)) -> Tier 2 | AU11: =IF(AT11="Tier 2",20000,IF(AT11="Tier 1",10000,IF(AND(OR(AP11="เดือนที่ 1",AP11="เดือนที่ 2"),AT11=0,AQ11>=$AB11),5000,0))) -> 20000 | AV11: ="ผลงานอนุมัติใหม่"&IF(OR(AND(AT11="Tier 1",AQ11>=$AC11),AND(AT11="Tier 2",AQ11>=$AD11)),"ถึง 100%",IF(OR(AND(AT11=0,AQ11>=$AC11*50%),AND(AT11="Tier 1",AQ11>=$AC11*50%),AND(AT11="Tier 2",AQ11>=$AD11*50%)),"ถึง 50%","ไม่ถึง 50%"))&IF(AND(AT11=0,OR(AP11="เดือนที่ 1",AP11="เดือนที่ 2"),AS11>=$AC11*50%)," และ FYC รวมถึง "&TEXT(AS11,"#,###")&" เข้ากฎเกณฑ์ข้อ 4",IF(AND(AU11=0,AS11>=$AC11,AS11<$AD11)," แม้ว่า FYC รวมจะถึง "&TEXT($AC11,"#,###")&" บาท ของ Tier 1",IF(AND(AU11=0,AS11>=$AC11,AS11>=$AD11)," แม้ว่า FYC รวมจะถึง "&TEXT($AD11,"#,###")&" บาท ของ Tier 2",IF(AND(AT11="Tier 1",AS11>=$AC11,AS11<$AD11)," ของ Tier 1 และ FYC รวมถึง "&TEXT($AC11,"#,###")&" บาท ของ Tier 1",IF(AND(AT11="Tier 1",AS11>=$AC11,AS11>=$AD11)," ของ Tier 1 แม้ว่า FYC รวมจะมากกว่า "&TEXT($AD11,"#,###")&" บาท ของ Tier 2",IF(AND(AT11="Tier 2",AS11>=$AC11,AS11>=$AD11)," ของ Tier 2 และ FYC รวมถึง "&TEXT($AD11,"#,###")&" บาท ของ Tier 2","")))))) -> ผลงานอนุมัติใหม่ถึง 100% ของ Tier 2 และ FYC รวมถึง 30,000 บาท ของ Tier 2 | AW11: 7 | AX11: =IF(AW11<=$P$4,SUM($AU$6:AU11),0) -> 0 | AZ11: เดือนที่ 7 | BA11: =$L$6 -> 900000 | BB11: 0 | BC11: =BA11+BB11 -> 900000 | BD11: =IF(AND(BA11>=$AD11*50%,BC11>=$AD11),"Tier 2",IF(AND(BA11>=$AC11*50%,BC11>=$AC11),"Tier 1",0)) -> Tier 2 | BE11: =IF(BD11="Tier 2",20000,IF(BD11="Tier 1",10000,IF(AND(OR(AZ11="เดือนที่ 1",AZ11="เดือนที่ 2"),BD11=0,BA11>=$AB11),5000,0))) -> 20000 | BF11: ="ผลงานอนุมัติใหม่"&IF(OR(AND(BD11="Tier 1",BA11>=$AC11),AND(BD11="Tier 2",BA11>=$AD11)),"ถึง 100%",IF(OR(AND(BD11=0,BA11>=$AC11*50%),AND(BD11="Tier 1",BA11>=$AC11*50%),AND(BD11="Tier 2",BA11>=$AD11*50%)),"ถึง 50%","ไม่ถึง 50%"))&IF(AND(BD11=0,OR(AZ11="เดือนที่ 1",AZ11="เดือนที่ 2"),BC11>=$AC11*50%)," และ FYC รวมถึง "&TEXT(BC11,"#,###")&" เข้ากฎเกณฑ์ข้อ 4",IF(AND(BE11=0,BC11>=$AC11,BC11<$AD11)," แม้ว่า FYC รวมจะถึง "&TEXT($AC11,"#,###")&" บาท ของ Tier 1",IF(AND(BE11=0,BC11>=$AC11,BC11>=$AD11)," แม้ว่า FYC รวมจะถึง "&TEXT($AD11,"#,###")&" บาท ของ Tier 2",IF(AND(BD11="Tier 1",BC11>=$AC11,BC11<$AD11)," ของ Tier 1 และ FYC รวมถึง "&TEXT($AC11,"#,###")&" บาท ของ Tier 1",IF(AND(BD11="Tier 1",BC11>=$AC11,BC11>=$AD11)," ของ Tier 1 แม้ว่า FYC รวมจะมากกว่า "&TEXT($AD11,"#,###")&" บาท ของ Tier 2",IF(AND(BD11="Tier 2",BC11>=$AC11,BC11>=$AD11)," ของ Tier 2 และ FYC รวมถึง "&TEXT($AD11,"#,###")&" บาท ของ Tier 2","")))))) -> ผลงานอนุมัติใหม่ถึง 100% ของ Tier 2 และ FYC รวมถึง 30,000 บาท ของ Tier 2 | BG11: 7 | BH11: =IF(BG11<=$P$4,SUM($BE$6:BE11),0) -> 0
G12: K2 | H12: =P11 -> 0.75 | I12: K2 | J12: =Q11 -> 0.75 | K12: K2 | L12: =R11 -> 0.75 | AA12: เดือน 8 | AC12: 15000 | AD12: 30000 | AF12: เดือนที่ 8 | AG12: =$H$6 -> 1200000 | AH12: 0 | AI12: =AG12+AH12 -> 1200000 | AJ12: =IF(AND(AG12>=$AD12*50%,AI12>=$AD12),"Tier 2",IF(AND(AG12>=$AC12*50%,AI12>=$AC12),"Tier 1",0)) -> Tier 2 | AK12: =IF(AJ12="Tier 2",20000,IF(AJ12="Tier 1",10000,IF(AND(OR(AF12="เดือนที่ 1",AF12="เดือนที่ 2"),AJ12=0,AG12>=$AB12),5000,0))) -> 20000 | AL12: ="ผลงานอนุมัติใหม่"&IF(OR(AND(AJ12="Tier 1",AG12>=$AC12),AND(AJ12="Tier 2",AG12>=$AD12)),"ถึง 100%",IF(OR(AND(AJ12=0,AG12>=$AC12*50%),AND(AJ12="Tier 1",AG12>=$AC12*50%),AND(AJ12="Tier 2",AG12>=$AD12*50%)),"ถึง 50%","ไม่ถึง 50%"))&IF(AND(AJ12=0,OR(AF12="เดือนที่ 1",AF12="เดือนที่ 2"),AI12>=$AC12*50%)," และ FYC รวมถึง "&TEXT(AI12,"#,###")&" เข้ากฎเกณฑ์ข้อ 4",IF(AND(AK12=0,AI12>=$AC12,AI12<$AD12)," แม้ว่า FYC รวมจะถึง "&TEXT($AC12,"#,###")&" บาท ของ Tier 1",IF(AND(AK12=0,AI12>=$AC12,AI12>=$AD12)," แม้ว่า FYC รวมจะถึง "&TEXT($AD12,"#,###")&" บาท ของ Tier 2",IF(AND(AJ12="Tier 1",AI12>=$AC12,AI12<$AD12)," ของ Tier 1 และ FYC รวมถึง "&TEXT($AC12,"#,###")&" บาท ของ Tier 1",IF(AND(AJ12="Tier 1",AI12>=$AC12,AI12>=$AD12)," ของ Tier 1 แม้ว่า FYC รวมจะมากกว่า "&TEXT($AD12,"#,###")&" บาท ของ Tier 2",IF(AND(AJ12="Tier 2",AI12>=$AC12,AI12>=$AD12)," ของ Tier 2 และ FYC รวมถึง "&TEXT($AD12,"#,###")&" บาท ของ Tier 2","")))))) -> ผลงานอนุมัติใหม่ถึง 100% ของ Tier 2 และ FYC รวมถึง 30,000 บาท ของ Tier 2 | AM12: 8 | AN12: =IF(AM12<=$P$4,SUM($AK$6:AK12),0) -> 0 | AP12: เดือนที่ 8 | AQ12: =$J$6 -> 1140000 | AR12: 0 | AS12: =AQ12+AR12 -> 1140000 | AT12: =IF(AND(AQ12>=$AD12*50%,AS12>=$AD12),"Tier 2",IF(AND(AQ12>=$AC12*50%,AS12>=$AC12),"Tier 1",0)) -> Tier 2 | AU12: =IF(AT12="Tier 2",20000,IF(AT12="Tier 1",10000,IF(AND(OR(AP12="เดือนที่ 1",AP12="เดือนที่ 2"),AT12=0,AQ12>=$AB12),5000,0))) -> 20000 | AV12: ="ผลงานอนุมัติใหม่"&IF(OR(AND(AT12="Tier 1",AQ12>=$AC12),AND(AT12="Tier 2",AQ12>=$AD12)),"ถึง 100%",IF(OR(AND(AT12=0,AQ12>=$AC12*50%),AND(AT12="Tier 1",AQ12>=$AC12*50%),AND(AT12="Tier 2",AQ12>=$AD12*50%)),"ถึง 50%","ไม่ถึง 50%"))&IF(AND(AT12=0,OR(AP12="เดือนที่ 1",AP12="เดือนที่ 2"),AS12>=$AC12*50%)," และ FYC รวมถึง "&TEXT(AS12,"#,###")&" เข้ากฎเกณฑ์ข้อ 4",IF(AND(AU12=0,AS12>=$AC12,AS12<$AD12)," แม้ว่า FYC รวมจะถึง "&TEXT($AC12,"#,###")&" บาท ของ Tier 1",IF(AND(AU12=0,AS12>=$AC12,AS12>=$AD12)," แม้ว่า FYC รวมจะถึง "&TEXT($AD12,"#,###")&" บาท ของ Tier 2",IF(AND(AT12="Tier 1",AS12>=$AC12,AS12<$AD12)," ของ Tier 1 และ FYC รวมถึง "&TEXT($AC12,"#,###")&" บาท ของ Tier 1",IF(AND(AT12="Tier 1",AS12>=$AC12,AS12>=$AD12)," ของ Tier 1 แม้ว่า FYC รวมจะมากกว่า "&TEXT($AD12,"#,###")&" บาท ของ Tier 2",IF(AND(AT12="Tier 2",AS12>=$AC12,AS12>=$AD12)," ของ Tier 2 และ FYC รวมถึง "&TEXT($AD12,"#,###")&" บาท ของ Tier 2","")))))) -> ผลงานอนุมัติใหม่ถึง 100% ของ Tier 2 และ FYC รวมถึง 30,000 บาท ของ Tier 2 | AW12: 8 | AX12: =IF(AW12<=$P$4,SUM($AU$6:AU12),0) -> 0 | AZ12: เดือนที่ 8 | BA12: =$L$6 -> 900000 | BB12: 0 | BC12: =BA12+BB12 -> 900000 | BD12: =IF(AND(BA12>=$AD12*50%,BC12>=$AD12),"Tier 2",IF(AND(BA12>=$AC12*50%,BC12>=$AC12),"Tier 1",0)) -> Tier 2 | BE12: =IF(BD12="Tier 2",20000,IF(BD12="Tier 1",10000,IF(AND(OR(AZ12="เดือนที่ 1",AZ12="เดือนที่ 2"),BD12=0,BA12>=$AB12),5000,0))) -> 20000 | BF12: ="ผลงานอนุมัติใหม่"&IF(OR(AND(BD12="Tier 1",BA12>=$AC12),AND(BD12="Tier 2",BA12>=$AD12)),"ถึง 100%",IF(OR(AND(BD12=0,BA12>=$AC12*50%),AND(BD12="Tier 1",BA12>=$AC12*50%),AND(BD12="Tier 2",BA12>=$AD12*50%)),"ถึง 50%","ไม่ถึง 50%"))&IF(AND(BD12=0,OR(AZ12="เดือนที่ 1",AZ12="เดือนที่ 2"),BC12>=$AC12*50%)," และ FYC รวมถึง "&TEXT(BC12,"#,###")&" เข้ากฎเกณฑ์ข้อ 4",IF(AND(BE12=0,BC12>=$AC12,BC12<$AD12)," แม้ว่า FYC รวมจะถึง "&TEXT($AC12,"#,###")&" บาท ของ Tier 1",IF(AND(BE12=0,BC12>=$AC12,BC12>=$AD12)," แม้ว่า FYC รวมจะถึง "&TEXT($AD12,"#,###")&" บาท ของ Tier 2",IF(AND(BD12="Tier 1",BC12>=$AC12,BC12<$AD12)," ของ Tier 1 และ FYC รวมถึง "&TEXT($AC12,"#,###")&" บาท ของ Tier 1",IF(AND(BD12="Tier 1",BC12>=$AC12,BC12>=$AD12)," ของ Tier 1 แม้ว่า FYC รวมจะมากกว่า "&TEXT($AD12,"#,###")&" บาท ของ Tier 2",IF(AND(BD12="Tier 2",BC12>=$AC12,BC12>=$AD12)," ของ Tier 2 และ FYC รวมถึง "&TEXT($AD12,"#,###")&" บาท ของ Tier 2","")))))) -> ผลงานอนุมัติใหม่ถึง 100% ของ Tier 2 และ FYC รวมถึง 30,000 บาท ของ Tier 2 | BG12: 8 | BH12: =IF(BG12<=$P$4,SUM($BE$6:BE12),0) -> 0
B13: 2 | C13: โบนัสรายเดือน (MB) | D13: 8,000 - 16,000 | F13: 0.2 | G13: =IF($P$11<70%,0,IF(H$6*$P$4/12>64000,"35%", IF(AND(H$6*$P$4/12>32000,H$6*$P$4/12<=64000),"30%", IF(AND(H$6*$P$4/12>16000,H$6*$P$4/12<=32000),"25%", IF(AND(H$6*$P$4/12>8000,H$6*$P$4/12<=16000),"20%", 0))))) -> 35% | H13: =H6*$P$4*G13 -> 315000 | I13: =IF($Q$11<70%,0,IF(J$6*$Q$4/12>64000,"35%", IF(AND(J$6*$Q$4/12>32000,J$6*$Q$4/12<=64000),"30%", IF(AND(J$6*$Q$4/12>16000,J$6*$Q$4/12<=32000),"25%", IF(AND(J$6*$Q$4/12>8000,J$6*$Q$4/12<=16000),"20%", 0))))) -> 35% | J13: =J6*$Q$4*I13 -> 299250 | K13: =IF($R$11<70%,0,IF(L$6*$R$4/12>64000,"35%", IF(AND(L$6*$R$4/12>32000,L$6*$R$4/12<=64000),"30%", IF(AND(L$6*$R$4/12>16000,L$6*$R$4/12<=32000),"25%", IF(AND(L$6*$R$4/12>8000,L$6*$R$4/12<=16000),"20%", 0))))) -> 35% | L13: =L6*$R$4*K13 -> 315000
D14: 16,001 - 32,000 | F14: 0.25
D15: 32,001 - 64,000 | F15: 0.3
D16: 64,001 เป็นต้นไป | F16: 0.35 | AA16: เดือน 11 | AC16: 15000 | AD16: 30000 | AF16: เดือนที่ 11 | AG16: =$H$6 -> 1200000 | AH16: 0 | AI16: =AG16+AH16 -> 1200000 | AJ16: =IF(AND(AG16>=$AD16*50%,AI16>=$AD16),"Tier 2",IF(AND(AG16>=$AC16*50%,AI16>=$AC16),"Tier 1",0)) -> Tier 2 | AK16: =IF(AJ16="Tier 2",20000,IF(AJ16="Tier 1",10000,IF(AND(OR(AF16="เดือนที่ 1",AF16="เดือนที่ 2"),AJ16=0,AG16>=$AB16),5000,0))) -> 20000 | AL16: ="ผลงานอนุมัติใหม่"&IF(OR(AND(AJ16="Tier 1",AG16>=$AC16),AND(AJ16="Tier 2",AG16>=$AD16)),"ถึง 100%",IF(OR(AND(AJ16=0,AG16>=$AC16*50%),AND(AJ16="Tier 1",AG16>=$AC16*50%),AND(AJ16="Tier 2",AG16>=$AD16*50%)),"ถึง 50%","ไม่ถึง 50%"))&IF(AND(AJ16=0,OR(AF16="เดือนที่ 1",AF16="เดือนที่ 2"),AI16>=$AC16*50%)," และ FYC รวมถึง "&TEXT(AI16,"#,###")&" เข้ากฎเกณฑ์ข้อ 4",IF(AND(AK16=0,AI16>=$AC16,AI16<$AD16)," แม้ว่า FYC รวมจะถึง "&TEXT($AC16,"#,###")&" บาท ของ Tier 1",IF(AND(AK16=0,AI16>=$AC16,AI16>=$AD16)," แม้ว่า FYC รวมจะถึง "&TEXT($AD16,"#,###")&" บาท ของ Tier 2",IF(AND(AJ16="Tier 1",AI16>=$AC16,AI16<$AD16)," ของ Tier 1 และ FYC รวมถึง "&TEXT($AC16,"#,###")&" บาท ของ Tier 1",IF(AND(AJ16="Tier 1",AI16>=$AC16,AI16>=$AD16)," ของ Tier 1 แม้ว่า FYC รวมจะมากกว่า "&TEXT($AD16,"#,###")&" บาท ของ Tier 2",IF(AND(AJ16="Tier 2",AI16>=$AC16,AI16>=$AD16)," ของ Tier 2 และ FYC รวมถึง "&TEXT($AD16,"#,###")&" บาท ของ Tier 2","")))))) -> ผลงานอนุมัติใหม่ถึง 100% ของ Tier 2 และ FYC รวมถึง 30,000 บาท ของ Tier 2 | AM16: 11 | AN16: =IF(AM16<=$P$4,SUM($AK$6:AK16),0) -> 0 | AP16: เดือนที่ 11 | AQ16: =$J$6 -> 1140000 | AR16: 0 | AS16: =AQ16+AR16 -> 1140000 | AT16: =IF(AND(AQ16>=$AD16*50%,AS16>=$AD16),"Tier 2",IF(AND(AQ16>=$AC16*50%,AS16>=$AC16),"Tier 1",0)) -> Tier 2 | AU16: =IF(AT16="Tier 2",20000,IF(AT16="Tier 1",10000,IF(AND(OR(AP16="เดือนที่ 1",AP16="เดือนที่ 2"),AT16=0,AQ16>=$AB16),5000,0))) -> 20000 | AV16: ="ผลงานอนุมัติใหม่"&IF(OR(AND(AT16="Tier 1",AQ16>=$AC16),AND(AT16="Tier 2",AQ16>=$AD16)),"ถึง 100%",IF(OR(AND(AT16=0,AQ16>=$AC16*50%),AND(AT16="Tier 1",AQ16>=$AC16*50%),AND(AT16="Tier 2",AQ16>=$AD16*50%)),"ถึง 50%","ไม่ถึง 50%"))&IF(AND(AT16=0,OR(AP16="เดือนที่ 1",AP16="เดือนที่ 2"),AS16>=$AC16*50%)," และ FYC รวมถึง "&TEXT(AS16,"#,###")&" เข้ากฎเกณฑ์ข้อ 4",IF(AND(AU16=0,AS16>=$AC16,AS16<$AD16)," แม้ว่า FYC รวมจะถึง "&TEXT($AC16,"#,###")&" บาท ของ Tier 1",IF(AND(AU16=0,AS16>=$AC16,AS16>=$AD16)," แม้ว่า FYC รวมจะถึง "&TEXT($AD16,"#,###")&" บาท ของ Tier 2",IF(AND(AT16="Tier 1",AS16>=$AC16,AS16<$AD16)," ของ Tier 1 และ FYC รวมถึง "&TEXT($AC16,"#,###")&" บาท ของ Tier 1",IF(AND(AT16="Tier 1",AS16>=$AC16,AS16>=$AD16)," ของ Tier 1 แม้ว่า FYC รวมจะมากกว่า "&TEXT($AD16,"#,###")&" บาท ของ Tier 2",IF(AND(AT16="Tier 2",AS16>=$AC16,AS16>=$AD16)," ของ Tier 2 และ FYC รวมถึง "&TEXT($AD16,"#,###")&" บาท ของ Tier 2","")))))) -> ผลงานอนุมัติใหม่ถึง 100% ของ Tier 2 และ FYC รวมถึง 30,000 บาท ของ Tier 2 | AW16: 11 | AX16: =IF(AW16<=$P$4,SUM($AU$6:AU16),0) -> 0 | AZ16: เดือนที่ 11 | BA16: =$L$6 -> 900000 | BB16: 0 | BC16: =BA16+BB16 -> 900000 | BD16: =IF(AND(BA16>=$AD16*50%,BC16>=$AD16),"Tier 2",IF(AND(BA16>=$AC16*50%,BC16>=$AC16),"Tier 1",0)) -> Tier 2 | BE16: =IF(BD16="Tier 2",20000,IF(BD16="Tier 1",10000,IF(AND(OR(AZ16="เดือนที่ 1",AZ16="เดือนที่ 2"),BD16=0,BA16>=$AB16),5000,0))) -> 20000 | BF16: ="ผลงานอนุมัติใหม่"&IF(OR(AND(BD16="Tier 1",BA16>=$AC16),AND(BD16="Tier 2",BA16>=$AD16)),"ถึง 100%",IF(OR(AND(BD16=0,BA16>=$AC16*50%),AND(BD16="Tier 1",BA16>=$AC16*50%),AND(BD16="Tier 2",BA16>=$AD16*50%)),"ถึง 50%","ไม่ถึง 50%"))&IF(AND(BD16=0,OR(AZ16="เดือนที่ 1",AZ16="เดือนที่ 2"),BC16>=$AC16*50%)," และ FYC รวมถึง "&TEXT(BC16,"#,###")&" เข้ากฎเกณฑ์ข้อ 4",IF(AND(BE16=0,BC16>=$AC16,BC16<$AD16)," แม้ว่า FYC รวมจะถึง "&TEXT($AC16,"#,###")&" บาท ของ Tier 1",IF(AND(BE16=0,BC16>=$AC16,BC16>=$AD16)," แม้ว่า FYC รวมจะถึง "&TEXT($AD16,"#,###")&" บาท ของ Tier 2",IF(AND(BD16="Tier 1",BC16>=$AC16,BC16<$AD16)," ของ Tier 1 และ FYC รวมถึง "&TEXT($AC16,"#,###")&" บาท ของ Tier 1",IF(AND(BD16="Tier 1",BC16>=$AC16,BC16>=$AD16)," ของ Tier 1 แม้ว่า FYC รวมจะมากกว่า "&TEXT($AD16,"#,###")&" บาท ของ Tier 2",IF(AND(BD16="Tier 2",BC16>=$AC16,BC16>=$AD16)," ของ Tier 2 และ FYC รวมถึง "&TEXT($AD16,"#,###")&" บาท ของ Tier 2","")))))) -> ผลงานอนุมัติใหม่ถึง 100% ของ Tier 2 และ FYC รวมถึง 30,000 บาท ของ Tier 2 | BG16: 11 | BH16: =IF(BG16<=$P$4,SUM($BE$6:BE16),0) -> 0
B17: 3 | C17: โบนัสครึ่งปี ( MYB ) | D17: 40,000 - 60,000 | F17: 0.175 | G17: =IF(H6*$P$4/2>400000,"35%", IF(AND(H6*$P$4/2>300000,H6*$P$4/2<=400000),"32.5%", IF(AND(H6*$P$4/2>250000,H6*$P$4/2<=300000),"30%", IF(AND(H6*$P$4/2>200000,H6*$P$4/2<=250000),"27.5%", IF(AND(H6*$P$4/2>150000,H6*$P$4/2<=200000),"25%", IF(AND(H6*$P$4/2>100000,H6*$P$4/2<=150000),"22.5%", IF(AND(H6*$P$4/2>60000,H6*$P$4/2<=100000),"20%", IF(AND(H6*$P$4/2>40000,H6*$P$4/2<=60000),"17.5%", 1))))))))*(IF(H12<70%,0%,IF(AND(H12>=70%,H12<85%),100%,IF(H12>=85%,110%,)))) -> 0.35 | H17: =H6*$P$4*G17 -> 315000 | I17: =IF(J6*$Q$4/2>400000,"35%", IF(AND(J6*$Q$4/2>300000,J6*$Q$4/2<=400000),"32.5%", IF(AND(J6*$Q$4/2>250000,J6*$Q$4/2<=300000),"30%", IF(AND(J6*$Q$4/2>200000,J6*$Q$4/2<=250000),"27.5%", IF(AND(J6*$Q$4/2>150000,J6*$Q$4/2<=200000),"25%", IF(AND(J6*$Q$4/2>100000,J6*$Q$4/2<=150000),"22.5%", IF(AND(J6*$Q$4/2>60000,J6*$Q$4/2<=100000),"20%", IF(AND(J6*$Q$4/2>40000,J6*$Q$4/2<=60000),"17.5%", 1))))))))*(IF(J12<70%,0%,IF(AND(J12>=70%,J12<85%),100%,IF(J12>=85%,110%,)))) -> 0.35 | J17: =J6*$Q$4*I17 -> 299250 | K17: =IF(L6*$R$4/2>400000,"35%", IF(AND(L6*$R$4/2>300000,L6*$R$4/2<=400000),"32.5%", IF(AND(L6*$R$4/2>250000,L6*$R$4/2<=300000),"30%", IF(AND(L6*$R$4/2>200000,L6*$R$4/2<=250000),"27.5%", IF(AND(L6*$R$4/2>150000,L6*$R$4/2<=200000),"25%", IF(AND(L6*$R$4/2>100000,L6*$R$4/2<=150000),"22.5%", IF(AND(L6*$R$4/2>60000,L6*$R$4/2<=100000),"20%", IF(AND(L6*$R$4/2>40000,L6*$R$4/2<=60000),"17.5%", 1))))))))*(IF(L12<70%,0%,IF(AND(L12>=70%,L12<85%),100%,IF(L12>=85%,110%,)))) -> 0.35 | L17: =L6*$R$4*K17 -> 315000 | AA17: เดือน 12 | AC17: 15000 | AD17: 30000 | AF17: เดือนที่ 12 | AG17: =$H$6 -> 1200000 | AH17: 0 | AI17: =AG17+AH17 -> 1200000 | AJ17: =IF(AND(AG17>=$AD17*50%,AI17>=$AD17),"Tier 2",IF(AND(AG17>=$AC17*50%,AI17>=$AC17),"Tier 1",0)) -> Tier 2 | AK17: =IF(AJ17="Tier 2",20000,IF(AJ17="Tier 1",10000,IF(AND(OR(AF17="เดือนที่ 1",AF17="เดือนที่ 2"),AJ17=0,AG17>=$AB17),5000,0))) -> 20000 | AL17: ="ผลงานอนุมัติใหม่"&IF(OR(AND(AJ17="Tier 1",AG17>=$AC17),AND(AJ17="Tier 2",AG17>=$AD17)),"ถึง 100%",IF(OR(AND(AJ17=0,AG17>=$AC17*50%),AND(AJ17="Tier 1",AG17>=$AC17*50%),AND(AJ17="Tier 2",AG17>=$AD17*50%)),"ถึง 50%","ไม่ถึง 50%"))&IF(AND(AJ17=0,OR(AF17="เดือนที่ 1",AF17="เดือนที่ 2"),AI17>=$AC17*50%)," และ FYC รวมถึง "&TEXT(AI17,"#,###")&" เข้ากฎเกณฑ์ข้อ 4",IF(AND(AK17=0,AI17>=$AC17,AI17<$AD17)," แม้ว่า FYC รวมจะถึง "&TEXT($AC17,"#,###")&" บาท ของ Tier 1",IF(AND(AK17=0,AI17>=$AC17,AI17>=$AD17)," แม้ว่า FYC รวมจะถึง "&TEXT($AD17,"#,###")&" บาท ของ Tier 2",IF(AND(AJ17="Tier 1",AI17>=$AC17,AI17<$AD17)," ของ Tier 1 และ FYC รวมถึง "&TEXT($AC17,"#,###")&" บาท ของ Tier 1",IF(AND(AJ17="Tier 1",AI17>=$AC17,AI17>=$AD17)," ของ Tier 1 แม้ว่า FYC รวมจะมากกว่า "&TEXT($AD17,"#,###")&" บาท ของ Tier 2",IF(AND(AJ17="Tier 2",AI17>=$AC17,AI17>=$AD17)," ของ Tier 2 และ FYC รวมถึง "&TEXT($AD17,"#,###")&" บาท ของ Tier 2","")))))) -> ผลงานอนุมัติใหม่ถึง 100% ของ Tier 2 และ FYC รวมถึง 30,000 บาท ของ Tier 2 | AM17: 12 | AN17: =IF(AM17<=$P$4,SUM($AK$6:AK17),0) -> 0 | AP17: เดือนที่ 12 | AQ17: =$J$6 -> 1140000 | AR17: 0 | AS17: =AQ17+AR17 -> 1140000 | AT17: =IF(AND(AQ17>=$AD17*50%,AS17>=$AD17),"Tier 2",IF(AND(AQ17>=$AC17*50%,AS17>=$AC17),"Tier 1",0)) -> Tier 2 | AU17: =IF(AT17="Tier 2",20000,IF(AT17="Tier 1",10000,IF(AND(OR(AP17="เดือนที่ 1",AP17="เดือนที่ 2"),AT17=0,AQ17>=$AB17),5000,0))) -> 20000 | AV17: ="ผลงานอนุมัติใหม่"&IF(OR(AND(AT17="Tier 1",AQ17>=$AC17),AND(AT17="Tier 2",AQ17>=$AD17)),"ถึง 100%",IF(OR(AND(AT17=0,AQ17>=$AC17*50%),AND(AT17="Tier 1",AQ17>=$AC17*50%),AND(AT17="Tier 2",AQ17>=$AD17*50%)),"ถึง 50%","ไม่ถึง 50%"))&IF(AND(AT17=0,OR(AP17="เดือนที่ 1",AP17="เดือนที่ 2"),AS17>=$AC17*50%)," และ FYC รวมถึง "&TEXT(AS17,"#,###")&" เข้ากฎเกณฑ์ข้อ 4",IF(AND(AU17=0,AS17>=$AC17,AS17<$AD17)," แม้ว่า FYC รวมจะถึง "&TEXT($AC17,"#,###")&" บาท ของ Tier 1",IF(AND(AU17=0,AS17>=$AC17,AS17>=$AD17)," แม้ว่า FYC รวมจะถึง "&TEXT($AD17,"#,###")&" บาท ของ Tier 2",IF(AND(AT17="Tier 1",AS17>=$AC17,AS17<$AD17)," ของ Tier 1 และ FYC รวมถึง "&TEXT($AC17,"#,###")&" บาท ของ Tier 1",IF(AND(AT17="Tier 1",AS17>=$AC17,AS17>=$AD17)," ของ Tier 1 แม้ว่า FYC รวมจะมากกว่า "&TEXT($AD17,"#,###")&" บาท ของ Tier 2",IF(AND(AT17="Tier 2",AS17>=$AC17,AS17>=$AD17)," ของ Tier 2 และ FYC รวมถึง "&TEXT($AD17,"#,###")&" บาท ของ Tier 2","")))))) -> ผลงานอนุมัติใหม่ถึง 100% ของ Tier 2 และ FYC รวมถึง 30,000 บาท ของ Tier 2 | AW17: 12 | AX17: =IF(AW17<=$P$4,SUM($AU$6:AU17),0) -> 0 | AZ17: เดือนที่ 12 | BA17: =$L$6 -> 900000 | BB17: 0 | BC17: =BA17+BB17 -> 900000 | BD17: =IF(AND(BA17>=$AD17*50%,BC17>=$AD17),"Tier 2",IF(AND(BA17>=$AC17*50%,BC17>=$AC17),"Tier 1",0)) -> Tier 2 | BE17: =IF(BD17="Tier 2",20000,IF(BD17="Tier 1",10000,IF(AND(OR(AZ17="เดือนที่ 1",AZ17="เดือนที่ 2"),BD17=0,BA17>=$AB17),5000,0))) -> 20000 | BF17: ="ผลงานอนุมัติใหม่"&IF(OR(AND(BD17="Tier 1",BA17>=$AC17),AND(BD17="Tier 2",BA17>=$AD17)),"ถึง 100%",IF(OR(AND(BD17=0,BA17>=$AC17*50%),AND(BD17="Tier 1",BA17>=$AC17*50%),AND(BD17="Tier 2",BA17>=$AD17*50%)),"ถึง 50%","ไม่ถึง 50%"))&IF(AND(BD17=0,OR(AZ17="เดือนที่ 1",AZ17="เดือนที่ 2"),BC17>=$AC17*50%)," และ FYC รวมถึง "&TEXT(BC17,"#,###")&" เข้ากฎเกณฑ์ข้อ 4",IF(AND(BE17=0,BC17>=$AC17,BC17<$AD17)," แม้ว่า FYC รวมจะถึง "&TEXT($AC17,"#,###")&" บาท ของ Tier 1",IF(AND(BE17=0,BC17>=$AC17,BC17>=$AD17)," แม้ว่า FYC รวมจะถึง "&TEXT($AD17,"#,###")&" บาท ของ Tier 2",IF(AND(BD17="Tier 1",BC17>=$AC17,BC17<$AD17)," ของ Tier 1 และ FYC รวมถึง "&TEXT($AC17,"#,###")&" บาท ของ Tier 1",IF(AND(BD17="Tier 1",BC17>=$AC17,BC17>=$AD17)," ของ Tier 1 แม้ว่า FYC รวมจะมากกว่า "&TEXT($AD17,"#,###")&" บาท ของ Tier 2",IF(AND(BD17="Tier 2",BC17>=$AC17,BC17>=$AD17)," ของ Tier 2 และ FYC รวมถึง "&TEXT($AD17,"#,###")&" บาท ของ Tier 2","")))))) -> ผลงานอนุมัติใหม่ถึง 100% ของ Tier 2 และ FYC รวมถึง 30,000 บาท ของ Tier 2 | BG17: 12 | BH17: =IF(BG17<=$P$4,SUM($BE$6:BE17),0) -> 0
D18: 60,001 - 100,000 | F18: 0.2
D19: 100,001 - 150,000 | F19: 0.225
D20: 150,001 - 200,000 | F20: 0.25
D21: 200,001 - 250,000 | F21: 0.275
D22: 250,001 - 300,000 | F22: 0.3
D23: 300,001 - 400,000 | F23: 0.325 | AF23: รวม | AJ23: =SUM(AK6:AK17) -> 180000 | AP23: รวม | AT23: =SUM(AU6:AU17) -> 180000 | AZ23: รวม | BD23: =SUM(BE6:BE17) -> 180000
D24: 400,001 เป็นต้นไป | F24: 0.35
D25: ถ้า K2 >= 85% คิดเพิ่มเป็น 110%
B26: 4 | C26: ผลประโยชน์จากอาชีพ (CB) | G26: =IF(AND(H$6*H$11>=200000,H$12>=85%),SUM(H7:H10)*H$12*H$11*110%,IF(AND(H$6*H$11>=100000,H$12>=75%),SUM(H7:H10)*H$12*H$11*100%,0)) -> 607500 | I26: =IF(AND(J$6*J$11>=200000,J$12>=85%),SUM(J7:J10)*J$12*J$11*110%,IF(AND(J$6*J$11>=100000,J$12>=75%),SUM(J7:J10)*J$12*J$11*100%,0)) -> 540000 | K26: =IF(AND(L$6*L$11>=200000,L$12>=85%),SUM(L7:L10)*L$12*L$11*110%,IF(AND(L$6*L$11>=100000,L$12>=75%),SUM(L7:L10)*L$12*L$11*100%,0)) -> 562500 | O26: จำนวนราย | P26: 3 | Q26: 5 | R26: 10 | S26: ราย/เดือน
B27: 5 | C27: โบนัสตัวแทนใหม่ (NAB) | F27: ราย/3ด. | G27: =P26*3 -> 9 | H27: =IF(AND(G27>=5,H6*$P$4/4>=50000),15000,IF(AND(G27>=3,H6*$P$4/4>=20000),6000,0))+IF(AND(G27>=10,H6*$P$4/4>=100000),25000,IF(AND(G27>=5,H6*$P$4/4>=40000),10000,0)) -> 25000 | I27: =Q26*3 -> 15 | J27: =IF(AND(I27>=5,J6*$Q$4/4>=50000),15000,IF(AND(I27>=3,J6*$Q$4/4>=20000),6000,0))+IF(AND(I27>=10,J6*$Q$4/4>=100000),25000,IF(AND(I27>=5,J6*$Q$4/4>=40000),10000,0)) -> 40000 | K27: =R26*3 -> 30 | L27: =IF(AND(K27>=5,L6*$R$4/4>=50000),15000,IF(AND(K27>=3,L6*$R$4/4>=20000),6000,0))+IF(AND(K27>=10,L6*$R$4/4>=100000),25000,IF(AND(K27>=5,L6*$R$4/4>=40000),10000,0)) -> 40000
B28: 6 | C28: กองทุนเงินสะสม (SP) | G28: 0.05 | H28: =H6*$P$4*G28 -> 45000 | I28: 0.05 | J28: =J6*$Q$4*I28 -> 42750 | K28: 0.05 | L28: =L6*$R$4*K28 -> 45000
B29: รวมผลประโยชน์ AG | G29: =SUM(G5,H13,H17,G26,H27,H28) -> 3587500 | I29: =SUM(I5,J13,J17,I26,J27,J28) -> 3321250 | K29: =SUM(K5,L13,L17,K26,L27,L28) -> 2927500
B31: คุณวุฒิสวัสดิการ ปี 2567
B32: AG | C32: ผลประโยชน์ | E32: เกณฑ์และเงื่อนไข | G32: ประกันชีวิต | I32: สุขภาพ (GHS) | K32: สุขภาพ (OPD)
C33: แผน 1 | E33: FYC 100,000 บาท | G33: 100000 | I33: - | K33: -
C34: แผน 2 | E34: FYC 300,000 บาท | G34: 300000 | I34: 800 | K34: 500
C35: แผน 2 | E35: FYC 500,000 บาท | G35: 500000 | I35: 1400 | K35: 500

Sheet TIME
D2: ปี พ.ศ. | F2: ขณะนี้ท่านเหลือเวลาอยู่อีกเท่าไร ? | AC2: 30
D3: =IF(K3>K4,(K3-K5)+D5,0) -> 2624 | H3: =IF(K4>=1,"หากท่านมีอายุ",0) -> หากท่านมีอายุ | K3: 85 | L3: =IF(K4>=1,"ปี",0) -> ปี | M3: =IF(K3>=1,"=",0) -> = | O3: =K3*365 -> 31025 | Q3: =IF(O3>1,"วัน",0) -> วัน | AC3: 150
D4: =IF(K4>K5,(K4-K5)+D5,0) -> 2599 | H4: =IF(K5>=1,"เกษียณอายุ",0) -> เกษียณอายุ | K4: 60 | L4: =IF(K5>=1,"ปี",0) -> ปี
A5: =TODAY() -> 46119 | D5: 2569 | H5: ตอนนี้อายุ | K5: 30 | L5: ปี
B7: =IF(B8>=1,"อายุ / ปี",0) -> อายุ / ปี | C7: =IF(C8>=1,"เวลาที่ใช้ไป / วัน",0) -> เวลาที่ใช้ไป / วัน | E7: =IF(E8>=1,"เวลาที่เหลืออยู่ / วัน",0) -> เวลาที่เหลืออยู่ / วัน | I7: =IF(I8>1,"เหลือเวลาทำงาน / วัน",0) -> เหลือเวลาทำงาน / วัน | M7: =IF(M8>1,"เหลือเวลาหลังเกษียน/วัน",0) -> เหลือเวลาหลังเกษียน/วัน
B8: =K5 -> 30 | C8: =B8*365 -> 10950 | E8: =IF(K3>K5,(K3-B8)*365,0) -> 20075 | I8: =IF(K4>K5,(K4-B8)*365,0) -> 10950 | M8: =IF(K3>K4,E8-I8,0) -> 9125 | X8: Mobile Control
C9: =IF(B8>=1,"เหลือเวลา / ปี",0) -> เหลือเวลา / ปี | E9: =IF(K3>K5,K3-B8,0) -> 55 | I9: =IF(K4>K5,K4-B8,0) -> 30 | M9: =IF(K3>K4,K3-K4,0) -> 25 | X9: Auto
C11: =IF(K3>K4,"ต้องการเงินเกษียณเดือนละ",0) -> ต้องการเงินเกษียณเดือนละ | H11: =IF(X9="Auto",AC2*1000,Y11) -> 30000 | M11: =H11*12 -> 360000 | Q11: =IF(K3>K4,"/ปี",0) -> /ปี | S11: =M9 -> 25 | T11: =IF(S11>=1,"ปี",0) -> ปี | X11: เงินเกษียณ | Y11: 50000 | AA11: บาท
C12: =IF(K3>K4,"เงินใช้หลังเกษียณรวม",0) -> เงินใช้หลังเกษียณรวม | H12: =(H11/30)*M8 -> 9125000 | K12: บาท
C13: =IF(K4>K5,"วันนี้ต้องเก็บเงิน",0) -> วันนี้ต้องเก็บเงิน | H13: =(H12/I8)*30 -> 25000 | K13: =IF(K4>K5,"/เดือน",0) -> /เดือน | M13: =H13*12 -> 300000 | Q13: =IF(K4>K5,"/ปี",0) -> /ปี | S13: =I9 -> 30 | T13: =IF(S13>=1,"ปี",0) -> ปี
C14: ฝากธนาคารรายเดือน ดอกเบี้ย | H14: =IF(X9="Auto",AC3*0.0001,Y14) -> 0.015 | K14: / ปี | M14: =FV(H14*0.85/12,S13*12,-H13) -> 10956405 | Q14: บาท | X14: ดอกเบี้ย | Y14: 0.02
A15: =IF(K5<=55,"ขอเสนอแนะนำโครงการของบริษัท ชับบ์ ไลฟ์ แอสชัวรันซ์ จำกัด (มหาชน)",0) -> ขอเสนอแนะนำโครงการของบริษัท ชับบ์ ไลฟ์ แอสชัวรันซ์ จำกัด (มหาชน)

Sheet PA
G2: PA | H2: PAS1 | AB2: แบบ | AC2: ทุน | AD2: รายปี | AE2: รายเดือน | AF2: Com
H3: =IF(AND(L3>=0,L3<=60),VLOOKUP(H2,AB3:AE20,2,0),"อายุทำไม่ได้") -> 275000 | I3: Baht | J3: Age | L3: =TIME!K5 -> 30 | AB3: - | AD3: 0 | AE3: 0 | AF3: 0
G4: FYP | H4: =IF(AND(L3>=0,L3<=60),VLOOKUP(H2,AB3:AE20,3,0),0) -> 1400 | I4: Baht/Case | J4: Year | L4: =TIME!D5 -> 2569 | AA4: PAS | AB4: PAS1 | AC4: 275000 | AD4: 1400 | AE4: =AD4*0.09 -> 126 | AF4: 0.06
H5: 30 | I5: Cases / M. | AB5: PAS2 | AC5: 350000 | AD5: 1800 | AE5: =AD5*0.09 -> 162 | AF5: 0.06
B6: Mon. | C6: =IF(H5>=1,"FYP",0) -> FYP | D6: =IF(AND(H5>=1,H2<>"PARD1"),"Com.6%",IF(AND(H5>=1,H2="PARD1"),"Com.20%",0)) -> Com.6% | G6: =IF(H5>=1,"Total",0) -> Total | H6: =H4*H5 -> 42000 | I6: =IF(H5>=1," Baht/M.",0) -> Baht/M. | AB6: PAS3 | AC6: 550000 | AD6: 2600 | AE6: =AD6*0.09 -> 234 | AF6: 0.06
B7: 1 | C7: =H6 -> 42000 | D7: =C7*VLOOKUP($H$2,$AB$3:$AF$20,5,0) -> 2520 | AB7: PAS4 | AC7: 750000 | AD7: 3600 | AE7: =AD7*0.09 -> 324 | AF7: 0.06
B8: 2 | C8: =C7 -> 42000 | D8: =C8*VLOOKUP($H$2,$AB$3:$AF$20,5,0) -> 2520 | F8: Yrs. | G8: =IF(H5>=1,"FYP",0) -> FYP | I8: FYC | L8: =IF(H5>=1,"Cases",0) -> Cases | N8: =IF(H5>=1,"Age",0) -> Age | P8: Year | AB8: PAS5 | AC8: 1000000 | AD8: 4400 | AE8: =AD8*0.09 -> 396 | AF8: 0.06
B9: 3 | C9: =C8 -> 42000 | D9: =C9*VLOOKUP($H$2,$AB$3:$AF$20,5,0) -> 2520 | F9: 1 | G9: =C20 -> 504000 | I9: =D20 -> 30240 | L9: =H5*12 -> 360 | N9: =IF($L$3>=1,$L$3,0) -> 30 | P9: =L4 -> 2569 | AB9: PAS6 | AC9: 2000000 | AD9: 7700 | AE9: =AD9*0.09 -> 693 | AF9: 0.06
B10: 4 | C10: =C9 -> 42000 | D10: =C10*VLOOKUP($H$2,$AB$3:$AF$20,5,0) -> 2520 | F10: 2 | G10: =G9*2 -> 1008000 | I10: =I9*2 -> 60480 | L10: =L9*2 -> 720 | N10: =IF($L$3>=1,$L$3+1,0) -> 31 | P10: =P9+1 -> 2570 | AB10: PAS7 | AC10: 3000000 | AD10: 10500 | AE10: =AD10*0.09 -> 945 | AF10: 0.06
B11: 5 | C11: =C10 -> 42000 | D11: =C11*VLOOKUP($H$2,$AB$3:$AF$20,5,0) -> 2520 | F11: 3 | G11: =G9*3 -> 1512000 | I11: =I9*3 -> 90720 | L11: =L9*3 -> 1080 | N11: =IF($L$3>=1,$L$3+2,0) -> 32 | P11: =P10+1 -> 2571 | AB11: PAS8 | AC11: 5000000 | AD11: 16500 | AE11: =AD11*0.09 -> 1485 | AF11: 0.06
B12: 6 | C12: =C11 -> 42000 | D12: =C12*VLOOKUP($H$2,$AB$3:$AF$20,5,0) -> 2520 | F12: 4 | G12: =G9*4 -> 2016000 | I12: =I9*4 -> 120960 | L12: =L9*4 -> 1440 | N12: =IF($L$3>=1,$L$3+3,0) -> 33 | P12: =P11+1 -> 2572 | AA12: PASF | AB12: PASF1 | AC12: 275000 | AD12: 1358 | AE12: =AD12*0.09 -> 122.22 | AF12: 0.06
B13: 7 | C13: =C12 -> 42000 | D13: =C13*VLOOKUP($H$2,$AB$3:$AF$20,5,0) -> 2520 | F13: 5 | G13: =G9*5 -> 2520000 | I13: =I9*5 -> 151200 | L13: =L9*5 -> 1800 | N13: =IF($L$3>=1,$L$3+4,0) -> 34 | P13: =P12+1 -> 2573 | AB13: PASF2 | AC13: 350000 | AD13: 1746 | AE13: =AD13*0.09 -> 157.14 | AF13: 0.06
B14: 8 | C14: =C13 -> 42000 | D14: =C14*VLOOKUP($H$2,$AB$3:$AF$20,5,0) -> 2520 | F14: 6 | G14: =G9*6 -> 3024000 | I14: =I9*6 -> 181440 | L14: =L9*6 -> 2160 | N14: =IF($L$3>=1,$L$3+5,0) -> 35 | P14: =P13+1 -> 2574 | AB14: PASF3 | AC14: 550000 | AD14: 2522 | AE14: =AD14*0.09 -> 226.98 | AF14: 0.06
B15: 9 | C15: =C14 -> 42000 | D15: =C15*VLOOKUP($H$2,$AB$3:$AF$20,5,0) -> 2520 | F15: 7 | G15: =G9*7 -> 3528000 | I15: =I9*7 -> 211680 | L15: =L9*7 -> 2520 | N15: =IF($L$3>=1,$L$3+6,0) -> 36 | P15: =P14+1 -> 2575 | AB15: PASF4 | AC15: 750000 | AD15: 3492 | AE15: =AD15*0.09 -> 314.28 | AF15: 0.06
B16: 10 | C16: =C15 -> 42000 | D16: =C16*VLOOKUP($H$2,$AB$3:$AF$20,5,0) -> 2520 | F16: 8 | G16: =G9*8 -> 4032000 | I16: =I9*8 -> 241920 | L16: =L9*8 -> 2880 | N16: =IF($L$3>=1,$L$3+7,0) -> 37 | P16: =P15+1 -> 2576 | AB16: PASF5 | AC16: 1000000 | AD16: 4268 | AE16: =AD16*0.09 -> 384.12 | AF16: 0.06
B17: 11 | C17: =C16 -> 42000 | D17: =C17*VLOOKUP($H$2,$AB$3:$AF$20,5,0) -> 2520 | F17: 9 | G17: =G9*9 -> 4536000 | I17: =I9*9 -> 272160 | L17: =L9*9 -> 3240 | N17: =IF($L$3>=1,$L$3+8,0) -> 38 | P17: =P16+1 -> 2577 | AB17: PASF6 | AC17: 2000000 | AD17: 7469 | AE17: =AD17*0.09 -> 672.21 | AF17: 0.06
B18: 12 | C18: =C17 -> 42000 | D18: =C18*VLOOKUP($H$2,$AB$3:$AF$20,5,0) -> 2520 | F18: 10 | G18: =G9*10 -> 5040000 | I18: =I9*10 -> 302400 | L18: =L9*10 -> 3600 | N18: =IF($L$3>=1,$L$3+9,0) -> 39 | P18: =P17+1 -> 2578 | AB18: PASF7 | AC18: 3000000 | AD18: 10185 | AE18: =AD18*0.09 -> 916.65 | AF18: 0.06
AB19: PASF8 | AC19: 5000000 | AD19: 16005 | AE19: =AD19*0.09 -> 1440.45 | AF19: 0.06
C20: =SUM(C7:C18) -> 504000 | D20: =SUM(D7:D18) -> 30240 | F20: =IF(H5>=1,"Total",0) -> Total | G20: =SUM(G9:G18) -> 27720000 | I20: =SUM(I9:I18) -> 1663200 | L20: 10 Yrs. | AB20: PARD1 | AC20: 150000 | AD20: 900 | AE20: =AD20*0.09 -> 81 | AF20: 0.2

Sheet Life
S1: Mobile Control
B2: สถิติการเข้าพบเพื่อขาย | S2: Auto
B3: พบคนเพื่อขายเฉลี่ยวันละ | E3: =IF($S$2="Auto",F3,T3) -> 10 | F3: 10 | H3: ราย | K3: FYP | M3: =M4/12 -> 4000000 | P3: ต่อเดือน | S3: พบคน | T3: 6 | U3: ราย
B4: ="สัปดาห์ละ "&F4&" วัน" -> สัปดาห์ละ 5 วัน | E4: =IF($S$2="Auto",F4*E3,T4*E3) -> 50 | F4: 5 | H4: ราย | K4: FYP | M4: =E9*E11 -> 48000000 | P4: ต่อปี | S4: สัปดาห์ละ | T4: 6 | U4: วัน
B5: เดือนละ | E5: =4*E4 -> 200 | H5: ราย
B6: ปีละ | E6: =12*E5 -> 2400 | H6: ราย | K6: Age | M6: =IF($S$2="Auto",TIME!K5,T6) -> 30 | S6: อายุ | T6: 20 | U6: ปี
B7: อัตราการขายได้เฉลี่ย | E7: =IF($S$2="Auto",(IF(F7>I7,"ค่าสูงเกิน",IF(F7=I7,1,F7))),T7) -> 1 | F7: 1 | G7: : | H7: =IF($S$2="Auto",(IF(F7>=I7,1,I7)),U7) -> 5 | I7: 5 | S7: อัตราการขาย | T7: 1 | U7: 5
B8: สถิติการขายได้ | C8: 2554 | K8: Year | M8: =IF($S$2="Auto",TIME!D5,T8) -> 2569 | S8: พ.ศ. | T8: 2567
B9: ขายได้ปีละ | E9: =IF(E7=0,"",E6*E7/H7) -> 480 | H9: ราย
B10: เดือนละ | E10: =IF(E7=0,"",E9/12) -> 40 | H10: ราย
B11: FYP เฉลี่ยรายละ | E11: =IF($S$2="Auto",F11*1000,T11) -> 100000 | F11: 100 | H11: บาท | S11: FYP เฉลี่ย | T11: 10000 | U11: บาท
B23: สถิติการเข้าพบเพื่อขาย
B24: พบคนเพื่อขายเฉลี่ยวันละ | E24: =E3 -> 10 | H24: ราย | K24: FYP | M24: =M3 -> 4000000 | P24: ต่อเดือน
B25: สัปดาห์ละ 5 วัน | E25: =E4 -> 50 | H25: ราย | K25: FYP | M25: =M4 -> 48000000 | P25: ต่อปี
B26: เดือนละ | E26: =E5 -> 200 | H26: ราย
B27: ปีละ | E27: =E6 -> 2400 | H27: ราย | K27: Age | M27: =M6 -> 30
B28: อัตราการขายได้เฉลี่ย | E28: =E7 -> 1 | G28: : | H28: =H7 -> 5 | K28: Year | M28: =M8 -> 2569
B29: สถิติการขายได้
B30: ขายได้ปีละ | E30: =E9 -> 480 | H30: ราย
B31: เดือนละ | E31: =E10 -> 40 | H31: ราย
B32: FYP เฉลี่ยรายละ | E32: =E11 -> 100000 | H32: บาท

Sheet PA&Life
Q1: แบบประกัน(Com.)
C2: =SUM(C8:C17) -> 1663200 | D2: =SUM(D8:D17) -> 548020000 | F2: =SUM(F8:F18) -> 549683200 | I2: =IF(F2>=1,"Total 10 Yrs.",0) -> Total 10 Yrs.
C3: PA | D3: Life | Q3: =COM!$B$1 -> สุพรีม ไลฟ์ โพรเทคเตอร์ A90/20
C4: =PA!H4 -> 1400 | D4: =Life!E11 -> 100000 | F4: FYP / Case | I4: Age | J4: =PA!L3 -> 30
C5: =PA!H5 -> 30 | D5: =Life!E10 -> 40 | F5: Cases / Mon. | I5: Year | J5: =TIME!D5 -> 2569
B7: Yrs. | C7: FYC PA | D7: FYC Life + Bo. + CB. | F7: Per Yrs. | G7: Per Mon. | I7: Case PA | J7: Case Life | L7: Age | N7: Year
B8: 1 | C8: =PA!I9 -> 30240 | D8: ='COM10'!D27 -> 30040000 | F8: =SUM(C8:D8) -> 30070240 | G8: =F8/12 -> 2505853.3 | I8: =PA!L9 -> 360 | J8: =Life!E9 -> 480 | L8: =J4 -> 30 | N8: =J5 -> 2569
B9: 2 | C9: =PA!I10 -> 60480 | D9: ='COM10'!E27 -> 37680000 | F9: =SUM(C9:D9) -> 37740480 | G9: =F9/12 -> 3145040 | I9: =I8*2 -> 720 | J9: =J8*2 -> 960 | L9: =L8+1 -> 31 | N9: =N8+1 -> 2570
B10: 3 | C10: =PA!I11 -> 90720 | D10: ='COM10'!F27 -> 46800000 | F10: =SUM(C10:D10) -> 46890720 | G10: =F10/12 -> 3907560 | I10: =I8*3 -> 1080 | J10: =J8*3 -> 1440 | L10: =L9+1 -> 32 | N10: =N9+1 -> 2571
B11: 4 | C11: =PA!I12 -> 120960 | D11: ='COM10'!G27 -> 51900000 | F11: =SUM(C11:D11) -> 52020960 | G11: =F11/12 -> 4335080 | I11: =I8*4 -> 1440 | J11: =J8*4 -> 1920 | L11: =L10+1 -> 33 | N11: =N10+1 -> 2572
B12: 5 | C12: =PA!I13 -> 151200 | D12: ='COM10'!H27 -> 55650000 | F12: =SUM(C12:D12) -> 55801200 | G12: =F12/12 -> 4650100 | I12: =I8*5 -> 1800 | J12: =J8*5 -> 2400 | L12: =L11+1 -> 34 | N12: =N11+1 -> 2573
B13: 6 | C13: =PA!I14 -> 181440 | D13: ='COM10'!I27 -> 59400000 | F13: =SUM(C13:D13) -> 59581440 | G13: =F13/12 -> 4965120 | I13: =I8*6 -> 2160 | J13: =J8*6 -> 2880 | L13: =L12+1 -> 35 | N13: =N12+1 -> 2574
B14: 7 | C14: =PA!I15 -> 211680 | D14: ='COM10'!J27 -> 63150000 | F14: =SUM(C14:D14) -> 63361680 | G14: =F14/12 -> 5280140 | I14: =I8*7 -> 2520 | J14: =J8*7 -> 3360 | L14: =L13+1 -> 36 | N14: =N13+1 -> 2575
B15: 8 | C15: =PA!I16 -> 241920 | D15: ='COM10'!K27 -> 66900000 | F15: =SUM(C15:D15) -> 67141920 | G15: =F15/12 -> 5595160 | I15: =I8*8 -> 2880 | J15: =J8*8 -> 3840 | L15: =L14+1 -> 37 | N15: =N14+1 -> 2576
B16: 9 | C16: =PA!I17 -> 272160 | D16: ='COM10'!L27 -> 68250000 | F16: =SUM(C16:D16) -> 68522160 | G16: =F16/12 -> 5710180 | I16: =I8*9 -> 3240 | J16: =J8*9 -> 4320 | L16: =L15+1 -> 38 | N16: =N15+1 -> 2577
B17: 10 | C17: =PA!I18 -> 302400 | D17: ='COM10'!M27 -> 68250000 | F17: =SUM(C17:D17) -> 68552400 | G17: =F17/12 -> 5712700 | I17: =I8*10 -> 3600 | J17: =J8*10 -> 4800 | L17: =L16+1 -> 39 | N17: =N16+1 -> 2578
C22: =C2 -> 1663200 | D22: =D2 -> 548020000 | E22: =#REF! -> #REF! | F22: =F2 -> 549683200 | I22: =IF(F22>=1,"Total 10 Yrs.",0) -> Total 10 Yrs.
C23: PA | D23: Life
C24: =C4 -> 1400 | D24: =D4 -> 100000 | F24: FYP / Case | I24: Age | J24: =J4 -> 30
C25: =C5 -> 30 | D25: =D5 -> 40 | F25: Cases / Mon. | I25: Year | J25: =J5 -> 2569
B27: Yrs. | C27: =C7 -> FYC PA | D27: FYC Life + Bo. + IC. | F27: Per Yrs. | G27: Per Mon. | I27: Case Life | J27: Case PA | L27: Age | N27: Year
B28: 1 | C28: =C8 -> 30240 | D28: =D8 -> 30040000 | F28: =F8 -> 30070240 | G28: =G8 -> 2505853.3 | I28: =J8 -> 480 | J28: =I8 -> 360 | L28: =L8 -> 30 | N28: =N8 -> 2569
B29: 2 | C29: =C9 -> 60480 | D29: =D9 -> 37680000 | F29: =F9 -> 37740480 | G29: =G9 -> 3145040 | I29: =J9 -> 960 | J29: =I9 -> 720 | L29: =L9 -> 31 | N29: =N9 -> 2570
B30: 3 | C30: =C10 -> 90720 | D30: =D10 -> 46800000 | F30: =F10 -> 46890720 | G30: =G10 -> 3907560 | I30: =J10 -> 1440 | J30: =I10 -> 1080 | L30: =L10 -> 32 | N30: =N10 -> 2571
B31: 4 | C31: =C11 -> 120960 | D31: =D11 -> 51900000 | F31: =F11 -> 52020960 | G31: =G11 -> 4335080 | I31: =J11 -> 1920 | J31: =I11 -> 1440 | L31: =L11 -> 33 | N31: =N11 -> 2572
B32: 5 | C32: =C12 -> 151200 | D32: =D12 -> 55650000 | F32: =F12 -> 55801200 | G32: =G12 -> 4650100 | I32: =J12 -> 2400 | J32: =I12 -> 1800 | L32: =L12 -> 34 | N32: =N12 -> 2573
B33: 6 | C33: =C13 -> 181440 | D33: =D13 -> 59400000 | F33: =F13 -> 59581440 | G33: =G13 -> 4965120 | I33: =J13 -> 2880 | J33: =I13 -> 2160 | L33: =L13 -> 35 | N33: =N13 -> 2574
B34: 7 | C34: =C14 -> 211680 | D34: =D14 -> 63150000 | F34: =F14 -> 63361680 | G34: =G14 -> 5280140 | I34: =J14 -> 3360 | J34: =I14 -> 2520 | L34: =L14 -> 36 | N34: =N14 -> 2575
B35: 8 | C35: =C15 -> 241920 | D35: =D15 -> 66900000 | F35: =F15 -> 67141920 | G35: =G15 -> 5595160 | I35: =J15 -> 3840 | J35: =I15 -> 2880 | L35: =L15 -> 37 | N35: =N15 -> 2576
B36: 9 | C36: =C16 -> 272160 | D36: =D16 -> 68250000 | F36: =F16 -> 68522160 | G36: =G16 -> 5710180 | I36: =J16 -> 4320 | J36: =I16 -> 3240 | L36: =L16 -> 38 | N36: =N16 -> 2577
B37: 10 | C37: =C17 -> 302400 | D37: =D17 -> 68250000 | F37: =F17 -> 68552400 | G37: =G17 -> 5712700 | I37: =J17 -> 4800 | J37: =I17 -> 3600 | L37: =L17 -> 39 | N37: =N17 -> 2578

Sheet COM10
C2: แผนรายได้สะสมในระยะเวลา 10 ปี | M2: AG | P2: แบบประกัน (Com.) | Q2: =COM!$B$1 -> สุพรีม ไลฟ์ โพรเทคเตอร์ A90/20 | S2: =COM!E1 -> 20SLPA
B3: FYP | C3: =IF($P$5="Auto",Life!M4,Q6) -> 48000000 | F3: บาท / ปี | G3: K2 (ผลงานส่วนตัว) | K3: =IF($P$5="Auto",M3/100,Q7) -> 0.75 | M3: 75 | P3: นับผลงาน | Q3: =COM!F1 -> 0.75
B4: Com. | C4: =SUM(D21:M21) -> 359520000 | F4: CB | G4: =SUM(D24:M24) -> 80460000 | J4: Total | K4: =SUM(C4,C5:E6,G4:I6) -> 548020000 | P4: Mobile Control
B5: MB | C5: =SUM(D22:M22) -> 50400000 | F5: NAB | G5: =SUM(D25:M25) -> 40000 | P5: Auto
B6: MYB | C6: =SUM(D23:M23) -> 50400000 | F6: SP | G6: =SUM(D26:M26) -> 7200000 | P6: FYP | Q6: 10000000 | R6: ราย
P7: K2 | Q7: 0.75
B8: Age | D8: =Life!M6 -> 30 | E8: =D8+1 -> 31 | F8: =E8+1 -> 32 | G8: =F8+1 -> 33 | H8: =G8+1 -> 34 | I8: =H8+1 -> 35 | J8: =I8+1 -> 36 | K8: =J8+1 -> 37 | L8: =K8+1 -> 38 | M8: =L8+1 -> 39
B9: Year | D9: =Life!M8 -> 2569 | E9: =D9+1 -> 2570 | F9: =E9+1 -> 2571 | G9: =F9+1 -> 2572 | H9: =G9+1 -> 2573 | I9: =H9+1 -> 2574 | J9: =I9+1 -> 2575 | K9: =J9+1 -> 2576 | L9: =K9+1 -> 2577 | M9: =L9+1 -> 2578 | P9: FYC1 | Q9: 0.3
B10: FYP | D10: =$C$3 -> 48000000 | E10: =$C$3 -> 48000000 | F10: =$C$3 -> 48000000 | G10: =$C$3 -> 48000000 | H10: =$C$3 -> 48000000 | I10: =$C$3 -> 48000000 | J10: =$C$3 -> 48000000 | K10: =$C$3 -> 48000000 | ... M10: =$C$3 -> 48000000 | P10: RYC2 | Q10: 0.15
B11: FYC1 | C11: =IF($P$5="Auto",COM!B2,Q9) -> 0.4 | D11: =D10*$C$11 -> 19200000 | E11: =E10*$C$11 -> 19200000 | F11: =F10*$C$11 -> 19200000 | G11: =G10*$C$11 -> 19200000 | H11: =H10*$C$11 -> 19200000 | I11: =I10*$C$11 -> 19200000 | J11: =J10*$C$11 -> 19200000 | K11: =K10*$C$11 -> 19200000 | ... M11: =M10*$C$11 -> 19200000 | P11: RYC3 | Q11: 0.1
B12: RYC2 | C12: =IF($P$5="Auto",COM!B3,Q10) -> 0.16 | E12: =D10*$C$12 -> 7680000 | F12: =E10*$C$12 -> 7680000 | G12: =F10*$C$12 -> 7680000 | H12: =G10*$C$12 -> 7680000 | I12: =H10*$C$12 -> 7680000 | J12: =I10*$C$12 -> 7680000 | K12: =J10*$C$12 -> 7680000 | L12: =K10*$C$12 -> 7680000 | M12: =L10*$C$12 -> 7680000 | P12: RYC4 | Q12: 0.05
B13: RYC3 | C13: =IF($P$5="Auto",COM!B4,Q11) -> 0.1 | F13: =D10*$C$13 -> 4800000 | G13: =E10*$C$13 -> 4800000 | H13: =F10*$C$13 -> 4800000 | I13: =G10*$C$13 -> 4800000 | J13: =H10*$C$13 -> 4800000 | K13: =I10*$C$13 -> 4800000 | L13: =J10*$C$13 -> 4800000 | M13: =K10*$C$13 -> 4800000 | P13: RYC5 | Q13: 0.05
B14: RYC4 | C14: =IF($P$5="Auto",COM!B5,Q12) -> 0.05 | G14: =D10*$C$14 -> 2400000 | H14: =E10*$C$14 -> 2400000 | I14: =F10*$C$14 -> 2400000 | J14: =G10*$C$14 -> 2400000 | K14: =H10*$C$14 -> 2400000 | L14: =I10*$C$14 -> 2400000 | M14: =J10*$C$14 -> 2400000 | P14: RYC6 | Q14: 0.05
B15: RYC5 | C15: =IF($P$5="Auto",COM!B6,Q13) -> 0.05 | H15: =D10*$C$15 -> 2400000 | I15: =E10*$C$15 -> 2400000 | J15: =F10*$C$15 -> 2400000 | K15: =G10*$C$15 -> 2400000 | L15: =H10*$C$15 -> 2400000 | M15: =I10*$C$15 -> 2400000 | P15: RYC7 | Q15: 0.05
B16: RYC6 | C16: =IF($P$5="Auto",COM!B7,Q14) -> 0.05 | I16: =D10*$C$16 -> 2400000 | J16: =E10*$C$16 -> 2400000 | K16: =F10*$C$16 -> 2400000 | L16: =G10*$C$16 -> 2400000 | M16: =H10*$C$16 -> 2400000 | P16: RYC8 | Q16: 0.05
B17: RYC7 | C17: =IF($P$5="Auto",COM!B8,Q15) -> 0.05 | J17: =D10*$C$17 -> 2400000 | K17: =E10*$C$17 -> 2400000 | L17: =F10*$C$17 -> 2400000 | M17: =G10*$C$17 -> 2400000 | P17: MB | Q17: ON
B18: RYC8 | C18: =IF($P$5="Auto",COM!B9,Q16) -> 0.05 | K18: =D10*$C$18 -> 2400000 | L18: =E10*$C$18 -> 2400000 | M18: =F10*$C$18 -> 2400000 | P18: MYB | Q18: ON
P19: CB | Q19: ON
B20: ="นับผลงาน "&Q3*100&"%" -> นับผลงาน 75%
B21: COM | D21: =SUM(D11:D18) -> 19200000 | E21: =SUM(E11:E18) -> 26880000 | F21: =SUM(F11:F18) -> 31680000 | G21: =SUM(G11:G18) -> 34080000 | H21: =SUM(H11:H18) -> 36480000 | I21: =SUM(I11:I18) -> 38880000 | J21: =SUM(J11:J18) -> 41280000 | K21: =SUM(K11:K18) -> 43680000 | ... M21: =SUM(M11:M18) -> 43680000 | P21: NAB | Q21: Auto | R21: 5 | S21: ราย
B22: MB | C22: =IF($Q$17="ON",(IF($K$3<70%,0, IF($D$21*$Q$3/12>64000,"35%", IF(AND($D$21*$Q$3/12>32000,$D$21*$Q$3/12<=64000),"30%", IF(AND($D$21*$Q$3/12>16000,$D$21*$Q$3/12<=32000),"25%", IF(AND($D$21*$Q$3/12>8000,$D$21*$Q$3/12<=16000),"20%", 0)))))),0%) -> 35% | D22: =D$11*$Q$3*$C$22 -> 5040000 | E22: =E$11*$Q$3*$C$22 -> 5040000 | F22: =F$11*$Q$3*$C$22 -> 5040000 | G22: =G$11*$Q$3*$C$22 -> 5040000 | H22: =H$11*$Q$3*$C$22 -> 5040000 | I22: =I$11*$Q$3*$C$22 -> 5040000 | J22: =J$11*$Q$3*$C$22 -> 5040000 | K22: =K$11*$Q$3*$C$22 -> 5040000 | ... M22: =M$11*$Q$3*$C$22 -> 5040000 | P22: SP | Q22: ON
B23: MYB | C23: =IF($Q$18="ON",(IF($D$21*$Q$3/2>400000,"35%", IF(AND($D$21*$Q$3/2>300000,$D$21*$Q$3/2<=400000),"32.5%", IF(AND($D$21*$Q$3/2>250000,$D$21*$Q$3/2<=300000),"30%", IF(AND($D$21*$Q$3/2>200000,$D$21*$Q$3/2<=250000),"27.5%", IF(AND($D$21*$Q$3/2>150000,$D$21*$Q$3/2<=200000),"25%", IF(AND($D$21*$Q$3/2>100000,$D$21*$Q$3/2<=150000),"22.5%", IF(AND($D$21*$Q$3/2>60000,$D$21*$Q$3/2<=100000),"20%", IF(AND($D$21*$Q$3/2>40000,$D$21*$Q$3/2<=60000),"17.5%", 1))))))))*(IF($K$3<70%,0%,IF(AND($K$3>=70%,$K$3<85%),100%,IF($K$3>=85%,110%,))))),0%) -> 0.35 | D23: =IF($Q$18="ON",(IF($D$21*$Q$3/2>400000,"35%", IF(AND($D$21*$Q$3/2>300000,$D$21*$Q$3/2<=400000),"32.5%", IF(AND($D$21*$Q$3/2>250000,$D$21*$Q$3/2<=300000),"30%", IF(AND($D$21*$Q$3/2>200000,$D$21*$Q$3/2<=250000),"27.5%", IF(AND($D$21*$Q$3/2>150000,$D$21*$Q$3/2<=200000),"25%", IF(AND($D$21*$Q$3/2>100000,$D$21*$Q$3/2<=150000),"22.5%", IF(AND($D$21*$Q$3/2>60000,$D$21*$Q$3/2<=100000),"20%", IF(AND($D$21*$Q$3/2>40000,$D$21*$Q$3/2<=60000),"17.5%", 1))))))))*D$11*$Q$3),0) -> 5040000 | E23: =E$11*$Q$3*$C$23 -> 5040000 | F23: =F$11*$Q$3*$C$23 -> 5040000 | G23: =G$11*$Q$3*$C$23 -> 5040000 | H23: =H$11*$Q$3*$C$23 -> 5040000 | I23: =I$11*$Q$3*$C$23 -> 5040000 | J23: =J$11*$Q$3*$C$23 -> 5040000 | K23: =K$11*$Q$3*$C$23 -> 5040000 | L23: =L$11*$Q$3*$C$23 -> 5040000 | M23: =M$11*$Q$3*$C$23 -> 5040000
B24: CB | F24: =IF($Q$19="ON",(IF(AND(E$11*$Q$3>=200000,$K$3>=85%),SUM(E12:E18)*$K$3*$Q$3*110%,IF(AND(E$11*$Q$3>=100000,$K$3>=75%),SUM(E12:E18)*$K$3*$Q$3*100%,0))),0) -> 4320000 | G24: =IF($Q$19="ON",(IF(AND(F$11*$Q$3>=200000,$K$3>=85%),SUM(F12:F18)*$K$3*$Q$3*110%,IF(AND(F$11*$Q$3>=100000,$K$3>=75%),SUM(F12:F18)*$K$3*$Q$3*100%,0))),0) -> 7020000 | H24: =IF($Q$19="ON",(IF(AND(G$11*$Q$3>=200000,$K$3>=85%),SUM(G12:G18)*$K$3*$Q$3*110%,IF(AND(G$11*$Q$3>=100000,$K$3>=75%),SUM(G12:G18)*$K$3*$Q$3*100%,0))),0) -> 8370000 | I24: =IF($Q$19="ON",(IF(AND(H$11*$Q$3>=200000,$K$3>=85%),SUM(H12:H18)*$K$3*$Q$3*110%,IF(AND(H$11*$Q$3>=100000,$K$3>=75%),SUM(H12:H18)*$K$3*$Q$3*100%,0))),0) -> 9720000 | J24: =IF($Q$19="ON",(IF(AND(I$11*$Q$3>=200000,$K$3>=85%),SUM(I12:I18)*$K$3*$Q$3*110%,IF(AND(I$11*$Q$3>=100000,$K$3>=75%),SUM(I12:I18)*$K$3*$Q$3*100%,0))),0) -> 11070000 | K24: =IF($Q$19="ON",(IF(AND(J$11*$Q$3>=200000,$K$3>=85%),SUM(J12:J18)*$K$3*$Q$3*110%,IF(AND(J$11*$Q$3>=100000,$K$3>=75%),SUM(J12:J18)*$K$3*$Q$3*100%,0))),0) -> 12420000 | L24: =IF($Q$19="ON",(IF(AND(K$11*$Q$3>=200000,$K$3>=85%),SUM(K12:K18)*$K$3*$Q$3*110%,IF(AND(K$11*$Q$3>=100000,$K$3>=75%),SUM(K12:K18)*$K$3*$Q$3*100%,0))),0) -> 13770000 | M24: =IF($Q$19="ON",(IF(AND(L$11*$Q$3>=200000,$K$3>=85%),SUM(L12:L18)*$K$3*$Q$3*110%,IF(AND(L$11*$Q$3>=100000,$K$3>=75%),SUM(L12:L18)*$K$3*$Q$3*100%,0))),0) -> 13770000
B25: NAB | C25: =IF($Q$21="Auto",Life!$E$10*3&" ราย/3ด.",R21*3&" ราย/3ด.") -> 120 ราย/3ด. | D25: =IF($Q$21="Auto",(IF(AND(Life!$E$10*3>=5,D11*$Q$3/4>=50000),15000,IF(AND(Life!$E$10*3>=3,D11*$Q$3/4>=20000),6000,0))+IF(AND(Life!$E$10*3>=10,D11*$Q$3/4>=100000),25000,IF(AND(Life!$E$10*3>=5,D11*$Q$3/4>=40000),10000,0))), (IF(AND($R$21*3>=5,D11*$Q$3/4>=50000),15000,IF(AND($R$21*3>=3,D11*$Q$3/4>=20000),6000,0))+IF(AND($R$21*3>=10,D11*$Q$3/4>=100000),25000,IF(AND($R$21*3>=5,D11*$Q$3/4>=40000),10000,0)))) -> 40000
B26: SP | C26: =IF($Q$22="ON",5%,0%) -> 0.05 | D26: =D$11*$Q$3*$C$26 -> 720000 | E26: =E$11*$Q$3*$C$26 -> 720000 | F26: =F$11*$Q$3*$C$26 -> 720000 | G26: =G$11*$Q$3*$C$26 -> 720000 | H26: =H$11*$Q$3*$C$26 -> 720000 | I26: =I$11*$Q$3*$C$26 -> 720000 | J26: =J$11*$Q$3*$C$26 -> 720000 | K26: =K$11*$Q$3*$C$26 -> 720000 | ... M26: =M$11*$Q$3*$C$26 -> 720000
B27: TOTAL | D27: =SUM(D21:D26) -> 30040000 | E27: =SUM(E21:E26) -> 37680000 | F27: =SUM(F21:F26) -> 46800000 | G27: =SUM(G21:G26) -> 51900000 | H27: =SUM(H21:H26) -> 55650000 | I27: =SUM(I21:I26) -> 59400000 | J27: =SUM(J21:J26) -> 63150000 | K27: =SUM(K21:K26) -> 66900000 | ... M27: =SUM(M21:M26) -> 68250000

Sheet COM5
B2: AG | D2: รายได้ของตัวแทนจากการทำงานอย่างสม่ำเสมอภายใน 5 ปี | N2: นับผลงาน | O2: =S4 -> 0.75 | R2: แบบประกัน(Com.) | S2: =COM!$B$1 -> สุพรีม ไลฟ์ โพรเทคเตอร์ A90/20 | U2: =COM!E1 -> 20SLPA
B4: ปีที่ | C4: FYP | D4: FYC1 | E4: RYC2 | F4: RYC3 | G4: RYC4 | H4: RYC5 | I4: MB | J4: MYB | K4: CB | L4: NAB | M4: SP | N4: รวม | O4: เฉลี่ยต่อเดือน | R4: นับผลงาน | S4: =COM!F1 -> 0.75
B5: 1 | C5: =IF($U$5="Auto",F22*F20,S5) -> 48000000 | D5: =M13*C5 -> 19200000 | I5: =IF(S19="ON",'COM10'!D22,0) -> 5040000 | J5: =IF(S20="ON",'COM10'!D23,0) -> 5040000 | L5: =IF(S22="ON",'COM10'!D25,0) -> 40000 | M5: =IF(S23="ON",'COM10'!D26,0) -> 720000 | N5: =SUM(D5:M5) -> 30040000 | O5: =N5/12 -> 2503333.3 | R5: FYP | S5: 10000000 | T5: ราย | U5: Auto
B6: 2 | C6: =C5 -> 48000000 | D6: =D5 -> 19200000 | E6: =$M$14*C5 -> 7680000 | I6: =IF(S19="ON",'COM10'!E22,0) -> 5040000 | J6: =IF(S20="ON",'COM10'!E23,0) -> 5040000 | M6: =IF(S23="ON",'COM10'!E26,0) -> 720000 | N6: =SUM(D6:M6) -> 37680000 | O6: =N6/12 -> 3140000
B7: 3 | C7: =C6 -> 48000000 | D7: =D6 -> 19200000 | E7: =$M$14*C6 -> 7680000 | F7: =$M$15*C5 -> 4800000 | I7: =IF(S19="ON",'COM10'!F22,0) -> 5040000 | J7: =IF(S20="ON",'COM10'!F23,0) -> 5040000 | K7: =IF(S21="ON",'COM10'!F24,0) -> 4320000 | M7: =IF(S23="ON",'COM10'!F26,0) -> 720000 | N7: =SUM(D7:M7) -> 46800000 | O7: =N7/12 -> 3900000 | R7: Mobile Control | T7: =IF(AND(R8="Auto",Life!S2="Manual"),"กลับไปยกเลิก Manual หน้า Life","")
B8: 4 | C8: =C7 -> 48000000 | D8: =D7 -> 19200000 | E8: =$M$14*C7 -> 7680000 | F8: =$M$15*C6 -> 4800000 | G8: =$M$16*C5 -> 2400000 | I8: =IF(S19="ON",'COM10'!G22,0) -> 5040000 | J8: =IF(S20="ON",'COM10'!G23,0) -> 5040000 | K8: =IF(S21="ON",'COM10'!G24,0) -> 7020000 | M8: =IF(S23="ON",'COM10'!G26,0) -> 720000 | N8: =SUM(D8:M8) -> 51900000 | O8: =N8/12 -> 4325000 | R8: Auto
B9: 5 | C9: =C8 -> 48000000 | D9: =D8 -> 19200000 | E9: =$M$14*C8 -> 7680000 | F9: =$M$15*C7 -> 4800000 | G9: =$M$16*C6 -> 2400000 | H9: =C5*$M$17 -> 2400000 | I9: =IF(S19="ON",'COM10'!H22,0) -> 5040000 | J9: =IF(S20="ON",'COM10'!H23,0) -> 5040000 | K9: =IF(S21="ON",'COM10'!H24,0) -> 8370000 | M9: =IF(S23="ON",'COM10'!H26,0) -> 720000 | N9: =SUM(D9:M9) -> 55650000 | O9: =N9/12 -> 4637500 | R9: พบคน | S9: 6 | T9: ราย
B10: รวมรายได้ 5 ปี | N10: =SUM(N5:N9) -> 222070000 | R10: สัปดาห์ละ | S10: 6 | T10: วัน
R11: อัตราการขาย | S11: 1 | T11: 10
C12: สถิติการเข้าพบเพื่อขาย
C13: พบคนเพื่อขายเฉลี่ยวันละ | F13: =IF($R$8="Auto",Life!E3,S9) -> 10 | G13: ราย | K13: 1 | L13: FYC1 | M13: =IF($R$8="Auto",'COM10'!C11,S14) -> 0.4 | N13: ของ FYP | R13: FYP เฉลี่ย | S13: 100000 | T13: บาท
C14: ="สัปดาห์ละ "&IF($R$8="Auto",Life!$F$4,S10)&" วัน" -> สัปดาห์ละ 5 วัน | F14: =IF($R$8="Auto",Life!$F$4*F13,S10*F13) -> 50 | G14: ราย | K14: 2 | L14: RYC2 | M14: =IF($R$8="Auto",'COM10'!C12,S15) -> 0.16 | N14: ของ FYP | R14: FYC1 | S14: 0.3
C15: เดือนละ | F15: =4*F14 -> 200 | G15: ราย | K15: 3 | L15: RYC3 | M15: =IF($R$8="Auto",'COM10'!C13,S16) -> 0.1 | N15: ของ FYP | R15: RYC2 | S15: 0.15
C16: ปีละ | F16: =12*F15 -> 2400 | G16: ราย | K16: 4 | L16: RYC4 | M16: =IF($R$8="Auto",'COM10'!C14,S17) -> 0.05 | N16: ของ FYP | R16: RYC3 | S16: 0.1
C17: อัตราการขายได้เฉลี่ย | F17: =IF($R$8="Auto",Life!E7,S11)&" : "&IF($R$8="Auto",Life!H7,T11) -> 1 : 5 | K17: 5 | L17: RYC5 | M17: =IF($R$8="Auto",'COM10'!C15,S18) -> 0.05 | N17: ของ FYP | R17: RYC4 | S17: 0.05
K18: 6 | L18: MB | M18: =IF(S19="ON",'COM10'!C22,0%) -> 35% | N18: ของ Tier | R18: RYC5 | S18: 0.05
C19: สถิติการขายได้ | K19: 7 | L19: MYB | M19: =IF(S20="ON",'COM10'!C23,0%) -> 0.35 | N19: ของ FYC | R19: MB | S19: ON | T19: =IF(AND(S19="ON",'COM10'!Q17="OFF"),"กลับไปยกเลิก OFF หน้า COM10","")
C20: ขายได้ปีละ | F20: =F16/Life!H7 -> 480 | G20: ราย | K20: 9 | L20: SP | M20: =IF(S23="ON",'COM10'!C26,0%) -> 0.05 | N20: ของ FYC | R20: MYB | S20: ON | T20: =IF(AND(S20="ON",'COM10'!Q18="OFF"),"กลับไปยกเลิก OFF หน้า COM10","")
C21: เดือนละ | F21: =F20/12 -> 40 | G21: ราย | K21: 10 | L21: K2 | M21: =IF($R$8="Auto",'COM10'!K3,S24) -> 0.75 | R21: CB | S21: ON | T21: =IF(AND(S21="ON",'COM10'!Q19="OFF"),"กลับไปยกเลิก OFF หน้า COM10","")
C22: FYP เฉลี่ยรายละ | F22: =IF($R$8="Auto",Life!E11,S13) -> 100000 | G22: บาท | R22: NAB | S22: ON
R23: SP | S23: ON | T23: =IF(AND(S23="ON",'COM10'!Q22="OFF"),"กลับไปยกเลิก OFF หน้า COM10","")
R24: K2 | S24: 0.75
C25: ตัวย่อ | D25: FYP = | E25: First Year Premium (เบี้ยประกันปีแรก) | K25: CB = | L25: Career Benefit (ผลประโยชน์จากอาชีพ)
D26: FYC = | E26: First Year Commission (ค่าคอมมิชชั่นปีแรก) | K26: NAB = | L26: New Agent Bonus (โบนัสตัวแทนใหม่)
D27: RYC = | E27: Renewal Year Commission (ค่าคอมมิชชั่นปีต่ออายุ) | K27: SP = | L27: Saving Plan (กองทุนเงินสะสม)
D28: MB = | E28: Momthly Bonus (โบนัสรายเดือน) | K28: K2 = | L28: (ผลงานส่วนตัว)
D29: MYB = | E29: Mid Year Bonus (โบนัสครึ่งปี)

Sheet ขายรายเดือน 1
F1: 15 | S1: =IF(S3="ขายแบบรายปี",1,0) -> 1 | AM1: ขายแบบรายปี | AN1: ขายแบบรายเดือน
C3: Agt. | E3: =AM6 -> 1 | G3: ราย / เดือน | I3: =E4*E3 -> 10 | K3: FYC | L3: RYC | S3: =AM15 -> ขายแบบรายปี | AL3: แบบประกัน(Com.) | AM3: =COM!$B$1 -> สุพรีม ไลฟ์ โพรเทคเตอร์ A90/20 | AO3: =COM!E1 -> 20SLPA
C4: Cases/M. | E4: =AM8 -> 10 | G4: รายได้ | I4: =K5 -> 0.4 | K4: 1 | L4: 2 | M4: 3 | N4: 4 | O4: 5 | Q4: 6 | R4: 7
C5: FYP/ราย | E5: =AM9 -> 25000 | G5: FYC/ ราย | I5: =E5*K5 -> 10000 | K5: =IF($AL$13="Auto",'COM10'!C11,AM17) -> 0.4 | L5: =IF($AL$13="Auto",'COM10'!C12,AM18) -> 0.16 | M5: =IF($AL$13="Auto",'COM10'!C13,AM19) -> 0.1 | N5: =IF($AL$13="Auto",'COM10'!C14,AM20) -> 0.05 | O5: =IF($AL$13="Auto",'COM10'!C15,AM21) -> 0.05 | Q5: =IF($AL$13="Auto",'COM10'!C16,AM22) -> 0.05 | R5: =IF($AL$13="Auto",'COM10'!C17,AM23) -> 0.05 | AL5: นับผลงาน | AM5: =COM!F1 -> 0.75
AL6: Agt. | AM6: 1 | AN6: ราย
B7: ="ผลประโยชน์ตัวแทน ( "&AO3&" )" -> ผลประโยชน์ตัวแทน ( 20SLPA )
B8: นับผลงาน | D8: ปีที่ | F8: 1 | G8: 2 | H8: 3 | I8: 4 | J8: 5 | K8: 6 | L8: 7 | N8: ผลประโยชน์ตัวแทน | Q8: Total 5 Y. | S8: Total 7 Y. | AL8: Cases/M. | AM8: 10 | AN8: ราย
D9: คอมมิสชัน | F9: =Q20 -> 1200000 | G9: =Q26+Q28 -> 1560000 | H9: =Q33+Q35+Q36 -> 1785000 | I9: =Q41+Q43+Q44+Q45 -> 1897500 | J9: =Q50+Q52+Q53+Q54 -> 2010000 | K9: =Q59+Q61+Q62+Q63 -> 2122500 | L9: =Q68+Q70+Q71+Q72 -> 2235000 | N9: คอมมิสชัน | Q9: =SUM(F9:J9) -> 8452500 | R9: =SUM(Q9:Q14) -> 12791406 | S9: =SUM(F9:L9) -> 12810000 | T9: =SUM(S9:S14) -> 19473438 | AL9: FYP/ราย | AM9: 25000 | AN9: บาท
B10: =AM5 -> 0.75 | D10: โบนัสรายเดือน (MB) | F10: =S18 -> 315000 | G10: =S25 -> 315000 | H10: =S32 -> 315000 | I10: =S40 -> 315000 | J10: =S49 -> 315000 | K10: =S58 -> 315000 | L10: =S67 -> 315000 | N10: โบนัสรายเดือน (MB) | Q10: =SUM(F10:J10) -> 1575000 | S10: =SUM(F10:L10) -> 2205000
D11: โบนัสครึ่งปี (MYB) | F11: =S19 -> 315000 | G11: =S26 -> 315000 | H11: =S33 -> 315000 | I11: =S41 -> 315000 | J11: =S50 -> 315000 | K11: =S59 -> 315000 | L11: =S68 -> 315000 | N11: โบนัสครึ่งปี (MYB) | Q11: =SUM(F11:J11) -> 1575000 | S11: =SUM(F11:L11) -> 2205000 | AL11: Mobile Control
B12: K2 | D12: เงินเดือน (CB) | G12: =S27 -> 0 | H12: =S34 -> 202500 | I12: =S42 -> 329062.5 | J12: =S51 -> 392343.75 | K12: =S60 -> 455625 | L12: =S69 -> 518906.25 | N12: เงินเดือน (CB) | Q12: =SUM(F12:J12) -> 923906.25 | S12: =SUM(F12:L12) -> 1898437.5
D13: เงินสมทบ (NAB) | F13: =S21 -> 40000 | G13: =S28 -> 0 | H13: =S35 -> 0 | I13: =S43 -> 0 | J13: =S52 -> 0 | K13: =S61 -> 0 | L13: =S70 -> 0 | N13: เงินสมทบ (NAB) | Q13: =SUM(F13:J13) -> 40000 | S13: =SUM(F13:L13) -> 40000 | AL13: Auto
B14: =IF($AL$13="Auto",'COM10'!K3,AM30) -> 0.75 | D14: เงินสะสม (SP) | F14: =S22 -> 45000 | G14: =S29 -> 45000 | H14: =S36 -> 45000 | I14: =S44 -> 45000 | J14: =S53 -> 45000 | K14: =S62 -> 45000 | L14: =S71 -> 45000 | N14: เงินสะสม (SP) | Q14: =SUM(F14:J14) -> 225000 | S14: =SUM(F14:L14) -> 315000
D15: รวม | F15: =SUM(F9:F14) -> 1915000 | G15: =SUM(G9:G14) -> 2235000 | H15: =SUM(H9:H14) -> 2662500 | I15: =SUM(I9:I14) -> 2901562.5 | J15: =SUM(J9:J14) -> 3077343.8 | K15: =SUM(K9:K14) -> 3253125 | L15: =SUM(L9:L14) -> 3428906.2 | AL15: รูปแบบ | AM15: ขายแบบรายปี
D16: รายได้เฉลี่ย / เดือน | F16: =F15/12 -> 159583.33 | G16: =G15/12 -> 186250 | H16: =H15/12 -> 221875 | I16: =I15/12 -> 241796.88 | J16: =J15/12 -> 256445.31 | K16: =K15/12 -> 271093.75 | L16: =L15/12 -> 285742.19
Y17: 1 | Z17: 2 | AA17: 3 | AB17: 4 | AC17: 5 | AD17: 6 | AE17: 7 | AF17: 8 | AG17: 9 | AH17: 10 | AI17: 11 | AJ17: 12 | AL17: FYC1 | AM17: 0.3
B18: ปีที่ | C18: เดือนที่ | D18: 1 | E18: 2 | F18: 3 | G18: 4 | H18: 5 | I18: 6 | J18: 7 | K18: 8 | L18: 9 | M18: 10 | N18: 11 | O18: 12 | S18: =IF(AND($AL$13="Manual",AM25="OFF"),0,SUM(Y18:AJ18)) -> 315000 | T18: โบนัสรายเดือน (MB) | X18: MB | Y18: =IF($B$14<70%,0, IF(D20*$AM$5>64000,"35%", IF(AND(D20*$AM$5>32000,D20*$AM$5<=64000),"30%", IF(AND(D20*$AM$5>16000,D20*$AM$5<=32000),"25%", IF(AND(D20*$AM$5>8000,D20*$AM$5<=16000),"20%", 0)))))*D20*$AM$5 -> 26250 | Z18: =IF($B$14<70%,0, IF(E20*$AM$5>64000,"35%", IF(AND(E20*$AM$5>32000,E20*$AM$5<=64000),"30%", IF(AND(E20*$AM$5>16000,E20*$AM$5<=32000),"25%", IF(AND(E20*$AM$5>8000,E20*$AM$5<=16000),"20%", 0)))))*E20*$AM$5 -> 26250 | AA18: =IF($B$14<70%,0, IF(F20*$AM$5>64000,"35%", IF(AND(F20*$AM$5>32000,F20*$AM$5<=64000),"30%", IF(AND(F20*$AM$5>16000,F20*$AM$5<=32000),"25%", IF(AND(F20*$AM$5>8000,F20*$AM$5<=16000),"20%", 0)))))*F20*$AM$5 -> 26250 | AB18: =IF($B$14<70%,0, IF(G20*$AM$5>64000,"35%", IF(AND(G20*$AM$5>32000,G20*$AM$5<=64000),"30%", IF(AND(G20*$AM$5>16000,G20*$AM$5<=32000),"25%", IF(AND(G20*$AM$5>8000,G20*$AM$5<=16000),"20%", 0)))))*G20*$AM$5 -> 26250 | AC18: =IF($B$14<70%,0, IF(H20*$AM$5>64000,"35%", IF(AND(H20*$AM$5>32000,H20*$AM$5<=64000),"30%", IF(AND(H20*$AM$5>16000,H20*$AM$5<=32000),"25%", IF(AND(H20*$AM$5>8000,H20*$AM$5<=16000),"20%", 0)))))*H20*$AM$5 -> 26250 | AD18: =IF($B$14<70%,0, IF(I20*$AM$5>64000,"35%", IF(AND(I20*$AM$5>32000,I20*$AM$5<=64000),"30%", IF(AND(I20*$AM$5>16000,I20*$AM$5<=32000),"25%", IF(AND(I20*$AM$5>8000,I20*$AM$5<=16000),"20%", 0)))))*I20*$AM$5 -> 26250 | AE18: =IF($B$14<70%,0, IF(J20*$AM$5>64000,"35%", IF(AND(J20*$AM$5>32000,J20*$AM$5<=64000),"30%", IF(AND(J20*$AM$5>16000,J20*$AM$5<=32000),"25%", IF(AND(J20*$AM$5>8000,J20*$AM$5<=16000),"20%", 0)))))*J20*$AM$5 -> 26250 | AF18: =IF($B$14<70%,0, IF(K20*$AM$5>64000,"35%", IF(AND(K20*$AM$5>32000,K20*$AM$5<=64000),"30%", IF(AND(K20*$AM$5>16000,K20*$AM$5<=32000),"25%", IF(AND(K20*$AM$5>8000,K20*$AM$5<=16000),"20%", 0)))))*K20*$AM$5 -> 26250 | ... AJ18: =IF($B$14<70%,0, IF(O20*$AM$5>64000,"35%", IF(AND(O20*$AM$5>32000,O20*$AM$5<=64000),"30%", IF(AND(O20*$AM$5>16000,O20*$AM$5<=32000),"25%", IF(AND(O20*$AM$5>8000,O20*$AM$5<=16000),"20%", 0)))))*O20*$AM$5 -> 26250 | AL18: RYC2 | AM18: 0.15
B19: 1 | C19: ราย | D19: =$I$3 -> 10 | E19: =$I$3 -> 10 | F19: =$I$3 -> 10 | G19: =$I$3 -> 10 | H19: =$I$3 -> 10 | I19: =$I$3 -> 10 | J19: =$I$3 -> 10 | K19: =$I$3 -> 10 | ... O19: =$I$3 -> 10 | Q19: =SUM(D19:O19) -> 120 | R19: ราย | S19: =IF(AND($AL$13="Manual",AM26="OFF"),0,SUM(Y19:Z19)) -> 315000 | T19: โบนัสครึ่งปี (MYB) | X19: MYB | Y19: =IF(SUM(D20:I20)*$AM$5>400000,"35%", IF(AND(SUM(D20:I20)*$AM$5>300000,SUM(D20:I20)*$AM$5<=400000),"32.5%", IF(AND(SUM(D20:I20)*$AM$5>250000,SUM(D20:I20)*$AM$5<=300000),"30%", IF(AND(SUM(D20:I20)*$AM$5>200000,SUM(D20:I20)*$AM$5<=250000),"27.5%", IF(AND(SUM(D20:I20)*$AM$5>150000,SUM(D20:I20)*$AM$5<=200000),"25%", IF(AND(SUM(D20:I20)*$AM$5>100000,SUM(D20:I20)*$AM$5<=150000),"22.5%", IF(AND(SUM(D20:I20)*$AM$5>60000,SUM(D20:I20)*$AM$5<=100000),"20%", IF(AND(SUM(D20:I20)*$AM$5>40000,SUM(D20:I20)*$AM$5<=60000),"17.5%", 1))))))))*SUM(D20:I20)*$AM$5 -> 157500 | Z19: =IF(SUM(J20:O20)*$AM$5>400000,"35%", IF(AND(SUM(J20:O20)*$AM$5>300000,SUM(J20:O20)*$AM$5<=400000),"32.5%", IF(AND(SUM(J20:O20)*$AM$5>250000,SUM(J20:O20)*$AM$5<=300000),"30%", IF(AND(SUM(J20:O20)*$AM$5>200000,SUM(J20:O20)*$AM$5<=250000),"27.5%", IF(AND(SUM(J20:O20)*$AM$5>150000,SUM(J20:O20)*$AM$5<=200000),"25%", IF(AND(SUM(J20:O20)*$AM$5>100000,SUM(J20:O20)*$AM$5<=150000),"22.5%", IF(AND(SUM(J20:O20)*$AM$5>60000,SUM(J20:O20)*$AM$5<=100000),"20%", IF(AND(SUM(J20:O20)*$AM$5>40000,SUM(J20:O20)*$AM$5<=60000),"17.5%", 1))))))))*SUM(J20:O20)*$AM$5 -> 157500 | AL19: RYC3 | AM19: 0.1
C20: รายได้ | D20: =$E$5*$I$3*$K$5 -> 100000 | E20: =IF($S$1=1,$E$5*$I$3*$K$5,$E$5*$I$3*$K$5*E18) -> 100000 | F20: =IF($S$1=1,$E$5*$I$3*$K$5,$E$5*$I$3*$K$5*F18) -> 100000 | G20: =IF($S$1=1,$E$5*$I$3*$K$5,$E$5*$I$3*$K$5*G18) -> 100000 | H20: =IF($S$1=1,$E$5*$I$3*$K$5,$E$5*$I$3*$K$5*H18) -> 100000 | I20: =IF($S$1=1,$E$5*$I$3*$K$5,$E$5*$I$3*$K$5*I18) -> 100000 | J20: =IF($S$1=1,$E$5*$I$3*$K$5,$E$5*$I$3*$K$5*J18) -> 100000 | K20: =IF($S$1=1,$E$5*$I$3*$K$5,$E$5*$I$3*$K$5*K18) -> 100000 | L20: =IF($S$1=1,$E$5*$I$3*$K$5,$E$5*$I$3*$K$5*L18) -> 100000 | ... O20: =IF($S$1=1,$E$5*$I$3*$K$5,$E$5*$I$3*$K$5*O18) -> 100000 | Q20: =SUM(D20:O20) -> 1200000 | R20: รายได้รวม | S20: =IF(AND($AL$13="Manual",AM27="OFF"),0,Y21) -> 0 | T20: เงินเดือน (CB) | X20: RB | Y20: =IF(SUM(D20:O20)*$AM$5*10%>100000,100000,SUM(D20:O20)*$AM$5*10%) -> 90000 | AL20: RYC4 | AM20: 0.05
C21: เบี้ย | D21: =$E$5*$I$3 -> 250000 | E21: =IF($S$1=1,$E$5*$I$3,$E$5*$I$3*E18) -> 250000 | F21: =IF($S$1=1,$E$5*$I$3,$E$5*$I$3*F18) -> 250000 | G21: =IF($S$1=1,$E$5*$I$3,$E$5*$I$3*G18) -> 250000 | H21: =IF($S$1=1,$E$5*$I$3,$E$5*$I$3*H18) -> 250000 | I21: =IF($S$1=1,$E$5*$I$3,$E$5*$I$3*I18) -> 250000 | J21: =IF($S$1=1,$E$5*$I$3,$E$5*$I$3*J18) -> 250000 | K21: =IF($S$1=1,$E$5*$I$3,$E$5*$I$3*K18) -> 250000 | L21: =IF($S$1=1,$E$5*$I$3,$E$5*$I$3*L18) -> 250000 | ... O21: =IF($S$1=1,$E$5*$I$3,$E$5*$I$3*O18) -> 250000 | Q21: =SUM(D21:O21) -> 3000000 | R21: เบี้ยรวม | S21: =IF(AND($AL$13="Manual",AM28="OFF"),0,Y22) -> 40000 | T21: เงินสมทบ (NAB) | X21: CB | AL21: RYC5 | AM21: 0.05
S22: =IF(AND($AL$13="Manual",AM29="OFF"),0,Y23) -> 45000 | T22: เงินสะสม (SP) | X22: NAB | Y22: =IF(AND(SUM(D19:F19)>=5,SUM(D20:F20)*$AM$5>=50000),15000,IF(AND(SUM(D19:F19),SUM(D20:F20)*$AM$5>=20000),6000,0))+IF(AND(SUM(G19:I19)>=10,SUM(G20:I20)*$AM$5>=100000),25000,IF(AND(SUM(G19:I19)>=5,SUM(G20:I20)*$AM$5>=40000),10000,0)) -> 40000 | AL22: RYC6 | AM22: 0.05
X23: SP | Y23: =SUM(D20:O20)*$AM$5*5% -> 45000 | AL23: RYC7 | AM23: 0.05
B24: ปีที่ | C24: เดือนที่ | D24: 13 | E24: 14 | F24: 15 | G24: 16 | H24: 17 | I24: 18 | J24: 19 | K24: 20 | L24: 21 | M24: 22 | N24: 23 | O24: 24
B25: 2 | C25: ราย | D25: =$I$3 -> 10 | E25: =$I$3 -> 10 | F25: =$I$3 -> 10 | G25: =$I$3 -> 10 | H25: =$I$3 -> 10 | I25: =$I$3 -> 10 | J25: =$I$3 -> 10 | K25: =$I$3 -> 10 | ... O25: =$I$3 -> 10 | Q25: =SUM(D25:O25) -> 120 | R25: ราย | S25: =IF(AND($AL$13="Manual",AM25="OFF"),0,SUM(Y25:AJ25)) -> 315000 | T25: โบนัสรายเดือน (MB) | X25: MB | Y25: =IF($B$14<70%,0, IF(D26*$AM$5>64000,"35%", IF(AND(D26*$AM$5>32000,D26*$AM$5<=64000),"30%", IF(AND(D26*$AM$5>16000,D26*$AM$5<=32000),"25%", IF(AND(D26*$AM$5>8000,D26*$AM$5<=16000),"20%", 0)))))*D26*$AM$5 -> 26250 | Z25: =IF($B$14<70%,0, IF(E26*$AM$5>64000,"35%", IF(AND(E26*$AM$5>32000,E26*$AM$5<=64000),"30%", IF(AND(E26*$AM$5>16000,E26*$AM$5<=32000),"25%", IF(AND(E26*$AM$5>8000,E26*$AM$5<=16000),"20%", 0)))))*E26*$AM$5 -> 26250 | AA25: =IF($B$14<70%,0, IF(F26*$AM$5>64000,"35%", IF(AND(F26*$AM$5>32000,F26*$AM$5<=64000),"30%", IF(AND(F26*$AM$5>16000,F26*$AM$5<=32000),"25%", IF(AND(F26*$AM$5>8000,F26*$AM$5<=16000),"20%", 0)))))*F26*$AM$5 -> 26250 | AB25: =IF($B$14<70%,0, IF(G26*$AM$5>64000,"35%", IF(AND(G26*$AM$5>32000,G26*$AM$5<=64000),"30%", IF(AND(G26*$AM$5>16000,G26*$AM$5<=32000),"25%", IF(AND(G26*$AM$5>8000,G26*$AM$5<=16000),"20%", 0)))))*G26*$AM$5 -> 26250 | AC25: =IF($B$14<70%,0, IF(H26*$AM$5>64000,"35%", IF(AND(H26*$AM$5>32000,H26*$AM$5<=64000),"30%", IF(AND(H26*$AM$5>16000,H26*$AM$5<=32000),"25%", IF(AND(H26*$AM$5>8000,H26*$AM$5<=16000),"20%", 0)))))*H26*$AM$5 -> 26250 | AD25: =IF($B$14<70%,0, IF(I26*$AM$5>64000,"35%", IF(AND(I26*$AM$5>32000,I26*$AM$5<=64000),"30%", IF(AND(I26*$AM$5>16000,I26*$AM$5<=32000),"25%", IF(AND(I26*$AM$5>8000,I26*$AM$5<=16000),"20%", 0)))))*I26*$AM$5 -> 26250 | AE25: =IF($B$14<70%,0, IF(J26*$AM$5>64000,"35%", IF(AND(J26*$AM$5>32000,J26*$AM$5<=64000),"30%", IF(AND(J26*$AM$5>16000,J26*$AM$5<=32000),"25%", IF(AND(J26*$AM$5>8000,J26*$AM$5<=16000),"20%", 0)))))*J26*$AM$5 -> 26250 | AF25: =IF($B$14<70%,0, IF(K26*$AM$5>64000,"35%", IF(AND(K26*$AM$5>32000,K26*$AM$5<=64000),"30%", IF(AND(K26*$AM$5>16000,K26*$AM$5<=32000),"25%", IF(AND(K26*$AM$5>8000,K26*$AM$5<=16000),"20%", 0)))))*K26*$AM$5 -> 26250 | ... AJ25: =IF($B$14<70%,0, IF(O26*$AM$5>64000,"35%", IF(AND(O26*$AM$5>32000,O26*$AM$5<=64000),"30%", IF(AND(O26*$AM$5>16000,O26*$AM$5<=32000),"25%", IF(AND(O26*$AM$5>8000,O26*$AM$5<=16000),"20%", 0)))))*O26*$AM$5 -> 26250 | AL25: MB | AM25: ON
C26: รายได้ | D26: =IF($S$1=1,$E$5*$I$3*$K$5,$E$5*$I$3*$K$5*$O$18) -> 100000 | E26: =IF($S$1=1,$E$5*$I$3*$K$5,$E$5*$I$3*$K$5*$O$18) -> 100000 | F26: =IF($S$1=1,$E$5*$I$3*$K$5,$E$5*$I$3*$K$5*$O$18) -> 100000 | G26: =IF($S$1=1,$E$5*$I$3*$K$5,$E$5*$I$3*$K$5*$O$18) -> 100000 | H26: =IF($S$1=1,$E$5*$I$3*$K$5,$E$5*$I$3*$K$5*$O$18) -> 100000 | I26: =IF($S$1=1,$E$5*$I$3*$K$5,$E$5*$I$3*$K$5*$O$18) -> 100000 | J26: =IF($S$1=1,$E$5*$I$3*$K$5,$E$5*$I$3*$K$5*$O$18) -> 100000 | K26: =IF($S$1=1,$E$5*$I$3*$K$5,$E$5*$I$3*$K$5*$O$18) -> 100000 | ... O26: =IF($S$1=1,$E$5*$I$3*$K$5,$E$5*$I$3*$K$5*$O$18) -> 100000 | Q26: =SUM(D26:O26) -> 1200000 | R26: รายได้รวม | S26: =IF(AND($AL$13="Manual",AM26="OFF"),0,SUM(Y26:Z26)) -> 315000 | T26: โบนัสครึ่งปี (MYB) | X26: MYB | Y26: =IF(SUM(D26:I26)*$AM$5>400000,"35%", IF(AND(SUM(D26:I26)*$AM$5>300000,SUM(D26:I26)*$AM$5<=400000),"32.5%", IF(AND(SUM(D26:I26)*$AM$5>250000,SUM(D26:I26)*$AM$5<=300000),"30%", IF(AND(SUM(D26:I26)*$AM$5>200000,SUM(D26:I26)*$AM$5<=250000),"27.5%", IF(AND(SUM(D26:I26)*$AM$5>150000,SUM(D26:I26)*$AM$5<=200000),"25%", IF(AND(SUM(D26:I26)*$AM$5>100000,SUM(D26:I26)*$AM$5<=150000),"22.5%", IF(AND(SUM(D26:I26)*$AM$5>60000,SUM(D26:I26)*$AM$5<=100000),"20%", IF(AND(SUM(D26:I26)*$AM$5>40000,SUM(D26:I26)*$AM$5<=60000),"17.5%", 1))))))))*(IF($B$14<70%,0%,IF(AND($B$14>=70%,$B$14<85%),100%,IF($B$14>=85%,110%,))))*SUM(D26:I26)*$AM$5 -> 157500 | Z26: =IF(SUM(J26:O26)*$AM$5>400000,"35%", IF(AND(SUM(J26:O26)*$AM$5>300000,SUM(J26:O26)*$AM$5<=400000),"32.5%", IF(AND(SUM(J26:O26)*$AM$5>250000,SUM(J26:O26)*$AM$5<=300000),"30%", IF(AND(SUM(J26:O26)*$AM$5>200000,SUM(J26:O26)*$AM$5<=250000),"27.5%", IF(AND(SUM(J26:O26)*$AM$5>150000,SUM(J26:O26)*$AM$5<=200000),"25%", IF(AND(SUM(J26:O26)*$AM$5>100000,SUM(J26:O26)*$AM$5<=150000),"22.5%", IF(AND(SUM(J26:O26)*$AM$5>60000,SUM(J26:O26)*$AM$5<=100000),"20%", IF(AND(SUM(J26:O26)*$AM$5>40000,SUM(J26:O26)*$AM$5<=60000),"17.5%", 1))))))))*(IF($B$14<70%,0%,IF(AND($B$14>=70%,$B$14<85%),100%,IF($B$14>=85%,110%,))))*SUM(J26:O26)*$AM$5 -> 157500 | AL26: MYB | AM26: ON
C27: เบี้ย | D27: =IF($S$1=1,$E$5*$I$3,$E$5*$I$3*$O$18) -> 250000 | E27: =IF($S$1=1,$E$5*$I$3,$E$5*$I$3*$O$18) -> 250000 | F27: =IF($S$1=1,$E$5*$I$3,$E$5*$I$3*$O$18) -> 250000 | G27: =IF($S$1=1,$E$5*$I$3,$E$5*$I$3*$O$18) -> 250000 | H27: =IF($S$1=1,$E$5*$I$3,$E$5*$I$3*$O$18) -> 250000 | I27: =IF($S$1=1,$E$5*$I$3,$E$5*$I$3*$O$18) -> 250000 | J27: =IF($S$1=1,$E$5*$I$3,$E$5*$I$3*$O$18) -> 250000 | K27: =IF($S$1=1,$E$5*$I$3,$E$5*$I$3*$O$18) -> 250000 | ... O27: =IF($S$1=1,$E$5*$I$3,$E$5*$I$3*$O$18) -> 250000 | Q27: =SUM(D27:O27) -> 3000000 | R27: เบี้ยรวม | S27: =IF(AND($AL$13="Manual",AM27="OFF"),0,Y28) -> 0 | T27: เงินเดือน (CB) | X27: RB | Y27: =IF(Y20>=100000,0, IF(Y20<100000,(IF(SUM(D26:O26)*$AM$5*10%>100000-Y20,100000-Y20,SUM(D26:O26)*$AM$5*10%)),0)) -> 10000 | AL27: CB | AM27: ON
C28: รายได้ปีต่อ 1 | D28: =D21*$L$5*$B$14 -> 30000 | E28: =E21*$L$5*$B$14 -> 30000 | F28: =F21*$L$5*$B$14 -> 30000 | G28: =G21*$L$5*$B$14 -> 30000 | H28: =H21*$L$5*$B$14 -> 30000 | I28: =I21*$L$5*$B$14 -> 30000 | J28: =J21*$L$5*$B$14 -> 30000 | K28: =K21*$L$5*$B$14 -> 30000 | ... O28: =O21*$L$5*$B$14 -> 30000 | Q28: =SUM(D28:O28) -> 360000 | R28: รายได้ปีต่อ 1 | S28: =Y29 -> 0 | T28: เงินสมทบ (NAB) | X28: CB | AL28: NAB | AM28: ON
S29: =IF(AND($AL$13="Manual",AM29="OFF"),0,Y30) -> 45000 | T29: เงินสะสม (SP) | X29: NAB | AL29: SP | AM29: ON
X30: SP | Y30: =SUM(D26:O26)*$AM$5*5% -> 45000 | AL30: K2 | AM30: 0.75
B31: ปีที่ | C31: เดือนที่ | D31: 25 | E31: 26 | F31: 27 | G31: 28 | H31: 29 | I31: 30 | J31: 31 | K31: 32 | L31: 33 | M31: 34 | N31: 35 | O31: 36
B32: 3 | C32: ราย | D32: =$I$3 -> 10 | E32: =$I$3 -> 10 | F32: =$I$3 -> 10 | G32: =$I$3 -> 10 | H32: =$I$3 -> 10 | I32: =$I$3 -> 10 | J32: =$I$3 -> 10 | K32: =$I$3 -> 10 | ... O32: =$I$3 -> 10 | Q32: =SUM(D32:O32) -> 120 | R32: ราย | S32: =IF(AND($AL$13="Manual",AM25="OFF"),0,SUM(Y32:AJ32)) -> 315000 | T32: โบนัสรายเดือน (MB) | X32: MB | Y32: =IF($B$14<70%,0, IF(D33*$AM$5>64000,"35%", IF(AND(D33*$AM$5>32000,D33*$AM$5<=64000),"30%", IF(AND(D33*$AM$5>16000,D33*$AM$5<=32000),"25%", IF(AND(D33*$AM$5>8000,D33*$AM$5<=16000),"20%", 0)))))*D33*$AM$5 -> 26250 | Z32: =IF($B$14<70%,0, IF(E33*$AM$5>64000,"35%", IF(AND(E33*$AM$5>32000,E33*$AM$5<=64000),"30%", IF(AND(E33*$AM$5>16000,E33*$AM$5<=32000),"25%", IF(AND(E33*$AM$5>8000,E33*$AM$5<=16000),"20%", 0)))))*E33*$AM$5 -> 26250 | AA32: =IF($B$14<70%,0, IF(F33*$AM$5>64000,"35%", IF(AND(F33*$AM$5>32000,F33*$AM$5<=64000),"30%", IF(AND(F33*$AM$5>16000,F33*$AM$5<=32000),"25%", IF(AND(F33*$AM$5>8000,F33*$AM$5<=16000),"20%", 0)))))*F33*$AM$5 -> 26250 | AB32: =IF($B$14<70%,0, IF(G33*$AM$5>64000,"35%", IF(AND(G33*$AM$5>32000,G33*$AM$5<=64000),"30%", IF(AND(G33*$AM$5>16000,G33*$AM$5<=32000),"25%", IF(AND(G33*$AM$5>8000,G33*$AM$5<=16000),"20%", 0)))))*G33*$AM$5 -> 26250 | AC32: =IF($B$14<70%,0, IF(H33*$AM$5>64000,"35%", IF(AND(H33*$AM$5>32000,H33*$AM$5<=64000),"30%", IF(AND(H33*$AM$5>16000,H33*$AM$5<=32000),"25%", IF(AND(H33*$AM$5>8000,H33*$AM$5<=16000),"20%", 0)))))*H33*$AM$5 -> 26250 | AD32: =IF($B$14<70%,0, IF(I33*$AM$5>64000,"35%", IF(AND(I33*$AM$5>32000,I33*$AM$5<=64000),"30%", IF(AND(I33*$AM$5>16000,I33*$AM$5<=32000),"25%", IF(AND(I33*$AM$5>8000,I33*$AM$5<=16000),"20%", 0)))))*I33*$AM$5 -> 26250 | AE32: =IF($B$14<70%,0, IF(J33*$AM$5>64000,"35%", IF(AND(J33*$AM$5>32000,J33*$AM$5<=64000),"30%", IF(AND(J33*$AM$5>16000,J33*$AM$5<=32000),"25%", IF(AND(J33*$AM$5>8000,J33*$AM$5<=16000),"20%", 0)))))*J33*$AM$5 -> 26250 | AF32: =IF($B$14<70%,0, IF(K33*$AM$5>64000,"35%", IF(AND(K33*$AM$5>32000,K33*$AM$5<=64000),"30%", IF(AND(K33*$AM$5>16000,K33*$AM$5<=32000),"25%", IF(AND(K33*$AM$5>8000,K33*$AM$5<=16000),"20%", 0)))))*K33*$AM$5 -> 26250 | ... AJ32: =IF($B$14<70%,0, IF(O33*$AM$5>64000,"35%", IF(AND(O33*$AM$5>32000,O33*$AM$5<=64000),"30%", IF(AND(O33*$AM$5>16000,O33*$AM$5<=32000),"25%", IF(AND(O33*$AM$5>8000,O33*$AM$5<=16000),"20%", 0)))))*O33*$AM$5 -> 26250
C33: รายได้ | D33: =IF($S$1=1,$E$5*$I$3*$K$5,$E$5*$I$3*$K$5*$O$18) -> 100000 | E33: =IF($S$1=1,$E$5*$I$3*$K$5,$E$5*$I$3*$K$5*$O$18) -> 100000 | F33: =IF($S$1=1,$E$5*$I$3*$K$5,$E$5*$I$3*$K$5*$O$18) -> 100000 | G33: =IF($S$1=1,$E$5*$I$3*$K$5,$E$5*$I$3*$K$5*$O$18) -> 100000 | H33: =IF($S$1=1,$E$5*$I$3*$K$5,$E$5*$I$3*$K$5*$O$18) -> 100000 | I33: =IF($S$1=1,$E$5*$I$3*$K$5,$E$5*$I$3*$K$5*$O$18) -> 100000 | J33: =IF($S$1=1,$E$5*$I$3*$K$5,$E$5*$I$3*$K$5*$O$18) -> 100000 | K33: =IF($S$1=1,$E$5*$I$3*$K$5,$E$5*$I$3*$K$5*$O$18) -> 100000 | ... O33: =IF($S$1=1,$E$5*$I$3*$K$5,$E$5*$I$3*$K$5*$O$18) -> 100000 | Q33: =SUM(D33:O33) -> 1200000 | R33: รายได้รวม | S33: =IF(AND($AL$13="Manual",AM26="OFF"),0,SUM(Y33:Z33)) -> 315000 | T33: โบนัสครึ่งปี (MYB) | X33: MYB | Y33: =IF(SUM(D33:I33)*$AM$5>400000,"35%", IF(AND(SUM(D33:I33)*$AM$5>300000,SUM(D33:I33)*$AM$5<=400000),"32.5%", IF(AND(SUM(D33:I33)*$AM$5>250000,SUM(D33:I33)*$AM$5<=300000),"30%", IF(AND(SUM(D33:I33)*$AM$5>200000,SUM(D33:I33)*$AM$5<=250000),"27.5%", IF(AND(SUM(D33:I33)*$AM$5>150000,SUM(D33:I33)*$AM$5<=200000),"25%", IF(AND(SUM(D33:I33)*$AM$5>100000,SUM(D33:I33)*$AM$5<=150000),"22.5%", IF(AND(SUM(D33:I33)*$AM$5>60000,SUM(D33:I33)*$AM$5<=100000),"20%", IF(AND(SUM(D33:I33)*$AM$5>40000,SUM(D33:I33)*$AM$5<=60000),"17.5%", 1))))))))*(IF($B$14<70%,0%,IF(AND($B$14>=70%,$B$14<85%),100%,IF($B$14>=85%,110%,))))*SUM(D33:I33)*$AM$5 -> 157500 | Z33: =IF(SUM(J33:O33)*$AM$5>400000,"35%", IF(AND(SUM(J33:O33)*$AM$5>300000,SUM(J33:O33)<=400000),"32.5%", IF(AND(SUM(J33:O33)*$AM$5>250000,SUM(J33:O33)<=300000),"30%", IF(AND(SUM(J33:O33)*$AM$5>200000,SUM(J33:O33)<=250000),"27.5%", IF(AND(SUM(J33:O33)*$AM$5>150000,SUM(J33:O33)<=200000),"25%", IF(AND(SUM(J33:O33)*$AM$5>100000,SUM(J33:O33)<=150000),"22.5%", IF(AND(SUM(J33:O33)*$AM$5>60000,SUM(J33:O33)<=100000),"20%", IF(AND(SUM(J33:O33)*$AM$5>40000,SUM(J33:O33)<=60000),"17.5%", 1))))))))*(IF($B$14<70%,0%,IF(AND($B$14>=70%,$B$14<85%),100%,IF($B$14>=85%,110%,))))*SUM(J33:O33)*$AM$5 -> 157500
C34: เบี้ย | D34: =IF($S$1=1,$E$5*$I$3,$E$5*$I$3*$O$18) -> 250000 | E34: =IF($S$1=1,$E$5*$I$3,$E$5*$I$3*$O$18) -> 250000 | F34: =IF($S$1=1,$E$5*$I$3,$E$5*$I$3*$O$18) -> 250000 | G34: =IF($S$1=1,$E$5*$I$3,$E$5*$I$3*$O$18) -> 250000 | H34: =IF($S$1=1,$E$5*$I$3,$E$5*$I$3*$O$18) -> 250000 | I34: =IF($S$1=1,$E$5*$I$3,$E$5*$I$3*$O$18) -> 250000 | J34: =IF($S$1=1,$E$5*$I$3,$E$5*$I$3*$O$18) -> 250000 | K34: =IF($S$1=1,$E$5*$I$3,$E$5*$I$3*$O$18) -> 250000 | ... O34: =IF($S$1=1,$E$5*$I$3,$E$5*$I$3*$O$18) -> 250000 | Q34: =SUM(D34:O34) -> 3000000 | R34: เบี้ยรวม | S34: =IF(AND($AL$13="Manual",AM27="OFF"),0,Y35) -> 202500 | T34: เงินเดือน (CB) | X34: RB
C35: รายได้ปีต่อ 2 | D35: =D27*$L$5*$B$14 -> 30000 | E35: =E27*$L$5*$B$14 -> 30000 | F35: =F27*$L$5*$B$14 -> 30000 | G35: =G27*$L$5*$B$14 -> 30000 | H35: =H27*$L$5*$B$14 -> 30000 | I35: =I27*$L$5*$B$14 -> 30000 | J35: =J27*$L$5*$B$14 -> 30000 | K35: =K27*$L$5*$B$14 -> 30000 | ... O35: =O27*$L$5*$B$14 -> 30000 | Q35: =SUM(D35:O35) -> 360000 | R35: รายได้ปีต่อ 2 | S35: =Y36 -> 0 | T35: เงินสมทบ (NAB) | X35: CB | Y35: =IF(AND(Q26*$AM$5>=200000,$B$14>=85%),SUM(Q28)*$B$14*$B$10*110%,IF(AND(Q26*$AM$5>=100000,$B$14>=75%),SUM(Q28)*$B$14*$B$10*100%,0)) -> 202500
C36: รายได้ปีต่อ 1 | D36: =D21*$M$5*$B$14 -> 18750 | E36: =E21*$M$5*$B$14 -> 18750 | F36: =F21*$M$5*$B$14 -> 18750 | G36: =G21*$M$5*$B$14 -> 18750 | H36: =H21*$M$5*$B$14 -> 18750 | I36: =I21*$M$5*$B$14 -> 18750 | J36: =J21*$M$5*$B$14 -> 18750 | K36: =K21*$M$5*$B$14 -> 18750 | ... O36: =O21*$M$5*$B$14 -> 18750 | Q36: =SUM(D36:O36) -> 225000 | R36: รายได้ปีต่อ 1 | S36: =IF(AND($AL$13="Manual",AM29="OFF"),0,Y37) -> 45000 | T36: เงินสะสม (SP) | X36: NAB
X37: SP | Y37: =SUM(D33:O33)*$AM$5*5% -> 45000
B39: ปีที่ | C39: เดือนที่ | D39: 37 | E39: 38 | F39: 39 | G39: 40 | H39: 41 | I39: 42 | J39: 43 | K39: 44 | L39: 45 | M39: 46 | N39: 47 | O39: 48
B40: 4 | C40: ราย | D40: =$I$3 -> 10 | E40: =$I$3 -> 10 | F40: =$I$3 -> 10 | G40: =$I$3 -> 10 | H40: =$I$3 -> 10 | I40: =$I$3 -> 10 | J40: =$I$3 -> 10 | K40: =$I$3 -> 10 | ... O40: =$I$3 -> 10 | Q40: =SUM(D40:O40) -> 120 | R40: ราย | S40: =IF(AND($AL$13="Manual",AM25="OFF"),0,SUM(Y41:AJ41)) -> 315000 | T40: โบนัสรายเดือน (MB)
C41: รายได้ | D41: =IF($S$1=1,$E$5*$I$3*$K$5,$E$5*$I$3*$K$5*$O$18) -> 100000 | E41: =IF($S$1=1,$E$5*$I$3*$K$5,$E$5*$I$3*$K$5*$O$18) -> 100000 | F41: =IF($S$1=1,$E$5*$I$3*$K$5,$E$5*$I$3*$K$5*$O$18) -> 100000 | G41: =IF($S$1=1,$E$5*$I$3*$K$5,$E$5*$I$3*$K$5*$O$18) -> 100000 | H41: =IF($S$1=1,$E$5*$I$3*$K$5,$E$5*$I$3*$K$5*$O$18) -> 100000 | I41: =IF($S$1=1,$E$5*$I$3*$K$5,$E$5*$I$3*$K$5*$O$18) -> 100000 | J41: =IF($S$1=1,$E$5*$I$3*$K$5,$E$5*$I$3*$K$5*$O$18) -> 100000 | K41: =IF($S$1=1,$E$5*$I$3*$K$5,$E$5*$I$3*$K$5*$O$18) -> 100000 | ... O41: =IF($S$1=1,$E$5*$I$3*$K$5,$E$5*$I$3*$K$5*$O$18) -> 100000 | Q41: =SUM(D41:O41) -> 1200000 | R41: รายได้รวม | S41: =IF(AND($AL$13="Manual",AM26="OFF"),0,SUM(Y42:Z42)) -> 315000 | T41: โบนัสครึ่งปี (MYB) | X41: MB | Y41: =IF($B$14<70%,0, IF(D41*$AM$5>64000,"35%", IF(AND(D41*$AM$5>32000,D41*$AM$5<=64000),"30%", IF(AND(D41*$AM$5>16000,D41*$AM$5<=32000),"25%", IF(AND(D41*$AM$5>8000,D41*$AM$5<=16000),"20%", 0)))))*D41*$AM$5 -> 26250 | Z41: =IF($B$14<70%,0, IF(E41*$AM$5>64000,"35%", IF(AND(E41*$AM$5>32000,E41*$AM$5<=64000),"30%", IF(AND(E41*$AM$5>16000,E41*$AM$5<=32000),"25%", IF(AND(E41*$AM$5>8000,E41*$AM$5<=16000),"20%", 0)))))*E41*$AM$5 -> 26250 | AA41: =IF($B$14<70%,0, IF(F41*$AM$5>64000,"35%", IF(AND(F41*$AM$5>32000,F41*$AM$5<=64000),"30%", IF(AND(F41*$AM$5>16000,F41*$AM$5<=32000),"25%", IF(AND(F41*$AM$5>8000,F41*$AM$5<=16000),"20%", 0)))))*F41*$AM$5 -> 26250 | AB41: =IF($B$14<70%,0, IF(G41*$AM$5>64000,"35%", IF(AND(G41*$AM$5>32000,G41*$AM$5<=64000),"30%", IF(AND(G41*$AM$5>16000,G41*$AM$5<=32000),"25%", IF(AND(G41*$AM$5>8000,G41*$AM$5<=16000),"20%", 0)))))*G41*$AM$5 -> 26250 | AC41: =IF($B$14<70%,0, IF(H41*$AM$5>64000,"35%", IF(AND(H41*$AM$5>32000,H41*$AM$5<=64000),"30%", IF(AND(H41*$AM$5>16000,H41*$AM$5<=32000),"25%", IF(AND(H41*$AM$5>8000,H41*$AM$5<=16000),"20%", 0)))))*H41*$AM$5 -> 26250 | AD41: =IF($B$14<70%,0, IF(I41*$AM$5>64000,"35%", IF(AND(I41*$AM$5>32000,I41*$AM$5<=64000),"30%", IF(AND(I41*$AM$5>16000,I41*$AM$5<=32000),"25%", IF(AND(I41*$AM$5>8000,I41*$AM$5<=16000),"20%", 0)))))*I41*$AM$5 -> 26250 | AE41: =IF($B$14<70%,0, IF(J41*$AM$5>64000,"35%", IF(AND(J41*$AM$5>32000,J41*$AM$5<=64000),"30%", IF(AND(J41*$AM$5>16000,J41*$AM$5<=32000),"25%", IF(AND(J41*$AM$5>8000,J41*$AM$5<=16000),"20%", 0)))))*J41*$AM$5 -> 26250 | AF41: =IF($B$14<70%,0, IF(K41*$AM$5>64000,"35%", IF(AND(K41*$AM$5>32000,K41*$AM$5<=64000),"30%", IF(AND(K41*$AM$5>16000,K41*$AM$5<=32000),"25%", IF(AND(K41*$AM$5>8000,K41*$AM$5<=16000),"20%", 0)))))*K41*$AM$5 -> 26250 | ... AJ41: =IF($B$14<70%,0, IF(O41*$AM$5>64000,"35%", IF(AND(O41*$AM$5>32000,O41*$AM$5<=64000),"30%", IF(AND(O41*$AM$5>16000,O41*$AM$5<=32000),"25%", IF(AND(O41*$AM$5>8000,O41*$AM$5<=16000),"20%", 0)))))*O41*$AM$5 -> 26250
C42: เบี้ย | D42: =IF($S$1=1,$E$5*$I$3,$E$5*$I$3*$O$18) -> 250000 | E42: =IF($S$1=1,$E$5*$I$3,$E$5*$I$3*$O$18) -> 250000 | F42: =IF($S$1=1,$E$5*$I$3,$E$5*$I$3*$O$18) -> 250000 | G42: =IF($S$1=1,$E$5*$I$3,$E$5*$I$3*$O$18) -> 250000 | H42: =IF($S$1=1,$E$5*$I$3,$E$5*$I$3*$O$18) -> 250000 | I42: =IF($S$1=1,$E$5*$I$3,$E$5*$I$3*$O$18) -> 250000 | J42: =IF($S$1=1,$E$5*$I$3,$E$5*$I$3*$O$18) -> 250000 | K42: =IF($S$1=1,$E$5*$I$3,$E$5*$I$3*$O$18) -> 250000 | ... O42: =IF($S$1=1,$E$5*$I$3,$E$5*$I$3*$O$18) -> 250000 | Q42: =SUM(D42:O42) -> 3000000 | R42: เบี้ยรวม | S42: =IF(AND($AL$13="Manual",AM27="OFF"),0,Y44) -> 329062.5 | T42: เงินเดือน (CB) | X42: MYB | Y42: =IF(SUM(D41:I41)*$AM$5>400000,"35%", IF(AND(SUM(D41:I41)*$AM$5>300000,SUM(D41:I41)*$AM$5<=400000),"32.5%", IF(AND(SUM(D41:I41)*$AM$5>250000,SUM(D41:I41)*$AM$5<=300000),"30%", IF(AND(SUM(D41:I41)*$AM$5>200000,SUM(D41:I41)*$AM$5<=250000),"27.5%", IF(AND(SUM(D41:I41)*$AM$5>150000,SUM(D41:I41)*$AM$5<=200000),"25%", IF(AND(SUM(D41:I41)*$AM$5>100000,SUM(D41:I41)*$AM$5<=150000),"22.5%", IF(AND(SUM(D41:I41)*$AM$5>60000,SUM(D41:I41)*$AM$5<=100000),"20%", IF(AND(SUM(D41:I41)*$AM$5>40000,SUM(D41:I41)*$AM$5<=60000),"17.5%", 1))))))))*(IF($B$14<70%,0%,IF(AND($B$14>=70%,$B$14<85%),100%,IF($B$14>=85%,110%,))))*SUM(D41:I41)*$AM$5 -> 157500 | Z42: =IF(SUM(J41:O41)*$AM$5>400000,"35%", IF(AND(SUM(J41:O41)*$AM$5>300000,SUM(J41:O41)*$AM$5<=400000),"32.5%", IF(AND(SUM(J41:O41)*$AM$5>250000,SUM(J41:O41)*$AM$5<=300000),"30%", IF(AND(SUM(J41:O41)*$AM$5>200000,SUM(J41:O41)*$AM$5<=250000),"27.5%", IF(AND(SUM(J41:O41)*$AM$5>150000,SUM(J41:O41)*$AM$5<=200000),"25%", IF(AND(SUM(J41:O41)*$AM$5>100000,SUM(J41:O41)*$AM$5<=150000),"22.5%", IF(AND(SUM(J41:O41)*$AM$5>60000,SUM(J41:O41)*$AM$5<=100000),"20%", IF(AND(SUM(J41:O41)*$AM$5>40000,SUM(J41:O41)*$AM$5<=60000),"17.5%", 1))))))))*(IF($B$14<70%,0%,IF(AND($B$14>=70%,$B$14<85%),100%,IF($B$14>=85%,110%,))))*SUM(J41:O41)*$AM$5 -> 157500
C43: รายได้ปีต่อ 3 | D43: =D34*$L$5*$B$14 -> 30000 | E43: =E34*$L$5*$B$14 -> 30000 | F43: =F34*$L$5*$B$14 -> 30000 | G43: =G34*$L$5*$B$14 -> 30000 | H43: =H34*$L$5*$B$14 -> 30000 | I43: =I34*$L$5*$B$14 -> 30000 | J43: =J34*$L$5*$B$14 -> 30000 | K43: =K34*$L$5*$B$14 -> 30000 | ... O43: =O34*$L$5*$B$14 -> 30000 | Q43: =SUM(D43:O43) -> 360000 | R43: รายได้ปีต่อ 3 | S43: =Y45 -> 0 | T43: เงินสมทบ (NAB) | X43: RB
C44: รายได้ปีต่อ 2 | D44: =D27*$M$5*$B$14 -> 18750 | E44: =E27*$M$5*$B$14 -> 18750 | F44: =F27*$M$5*$B$14 -> 18750 | G44: =G27*$M$5*$B$14 -> 18750 | H44: =H27*$M$5*$B$14 -> 18750 | I44: =I27*$M$5*$B$14 -> 18750 | J44: =J27*$M$5*$B$14 -> 18750 | K44: =K27*$M$5*$B$14 -> 18750 | ... O44: =O27*$M$5*$B$14 -> 18750 | Q44: =SUM(D44:O44) -> 225000 | R44: รายได้ปีต่อ 2 | S44: =IF(AND($AL$13="Manual",AM29="OFF"),0,Y46) -> 45000 | T44: เงินสะสม (SP) | X44: CB | Y44: =IF(AND(Q33*$AM$5>=200000,$B$14>=85%),SUM(Q35:Q36)*$B$14*$B$10*110%,IF(AND(Q33*$AM$5>=100000,$B$14>=75%),SUM(Q35:Q36)*$B$14*$B$10*100%,0)) -> 329062.5
C45: รายได้ปีต่อ 1 | D45: =D21*$N$5*$B$14 -> 9375 | E45: =E21*$N$5*$B$14 -> 9375 | F45: =F21*$N$5*$B$14 -> 9375 | G45: =G21*$N$5*$B$14 -> 9375 | H45: =H21*$N$5*$B$14 -> 9375 | I45: =I21*$N$5*$B$14 -> 9375 | J45: =J21*$N$5*$B$14 -> 9375 | K45: =K21*$N$5*$B$14 -> 9375 | ... O45: =O21*$N$5*$B$14 -> 9375 | Q45: =SUM(D45:O45) -> 112500 | R45: รายได้ปีต่อ 1 | X45: NAB
X46: SP | Y46: =SUM(D41:O41)*$AM$5*5% -> 45000
B48: ปีที่ | C48: เดือนที่ | D48: 49 | E48: 50 | F48: 51 | G48: 52 | H48: 53 | I48: 54 | J48: 55 | K48: 56 | L48: 57 | M48: 58 | N48: 59 | O48: 60
B49: 5 | C49: ราย | D49: =$I$3 -> 10 | E49: =$I$3 -> 10 | F49: =$I$3 -> 10 | G49: =$I$3 -> 10 | H49: =$I$3 -> 10 | I49: =$I$3 -> 10 | J49: =$I$3 -> 10 | K49: =$I$3 -> 10 | ... O49: =$I$3 -> 10 | Q49: =SUM(D49:O49) -> 120 | R49: ราย | S49: =IF(AND($AL$13="Manual",AM25="OFF"),0,SUM(Y50:AJ50)) -> 315000 | T49: โบนัสรายเดือน (MB)
C50: รายได้ | D50: =IF($S$1=1,$E$5*$I$3*$K$5,$E$5*$I$3*$K$5*$O$18) -> 100000 | E50: =IF($S$1=1,$E$5*$I$3*$K$5,$E$5*$I$3*$K$5*$O$18) -> 100000 | F50: =IF($S$1=1,$E$5*$I$3*$K$5,$E$5*$I$3*$K$5*$O$18) -> 100000 | G50: =IF($S$1=1,$E$5*$I$3*$K$5,$E$5*$I$3*$K$5*$O$18) -> 100000 | H50: =IF($S$1=1,$E$5*$I$3*$K$5,$E$5*$I$3*$K$5*$O$18) -> 100000 | I50: =IF($S$1=1,$E$5*$I$3*$K$5,$E$5*$I$3*$K$5*$O$18) -> 100000 | J50: =IF($S$1=1,$E$5*$I$3*$K$5,$E$5*$I$3*$K$5*$O$18) -> 100000 | K50: =IF($S$1=1,$E$5*$I$3*$K$5,$E$5*$I$3*$K$5*$O$18) -> 100000 | ... O50: =IF($S$1=1,$E$5*$I$3*$K$5,$E$5*$I$3*$K$5*$O$18) -> 100000 | Q50: =SUM(D50:O50) -> 1200000 | R50: รายได้รวม | S50: =IF(AND($AL$13="Manual",AM26="OFF"),0,SUM(Y51:Z51)) -> 315000 | T50: โบนัสครึ่งปี (MYB) | X50: MB | Y50: =IF($B$14<70%,0, IF(D50*$AM$5>64000,"35%", IF(AND(D50*$AM$5>32000,D50*$AM$5<=64000),"30%", IF(AND(D50*$AM$5>16000,D50*$AM$5<=32000),"25%", IF(AND(D50*$AM$5>8000,D50*$AM$5<=16000),"20%", 0)))))*D50*$AM$5 -> 26250 | Z50: =IF($B$14<70%,0, IF(E50*$AM$5>64000,"35%", IF(AND(E50*$AM$5>32000,E50*$AM$5<=64000),"30%", IF(AND(E50*$AM$5>16000,E50*$AM$5<=32000),"25%", IF(AND(E50*$AM$5>8000,E50*$AM$5<=16000),"20%", 0)))))*E50*$AM$5 -> 26250 | AA50: =IF($B$14<70%,0, IF(F50*$AM$5>64000,"35%", IF(AND(F50*$AM$5>32000,F50*$AM$5<=64000),"30%", IF(AND(F50*$AM$5>16000,F50*$AM$5<=32000),"25%", IF(AND(F50*$AM$5>8000,F50*$AM$5<=16000),"20%", 0)))))*F50*$AM$5 -> 26250 | AB50: =IF($B$14<70%,0, IF(G50*$AM$5>64000,"35%", IF(AND(G50*$AM$5>32000,G50*$AM$5<=64000),"30%", IF(AND(G50*$AM$5>16000,G50*$AM$5<=32000),"25%", IF(AND(G50*$AM$5>8000,G50*$AM$5<=16000),"20%", 0)))))*G50*$AM$5 -> 26250 | AC50: =IF($B$14<70%,0, IF(H50*$AM$5>64000,"35%", IF(AND(H50*$AM$5>32000,H50*$AM$5<=64000),"30%", IF(AND(H50*$AM$5>16000,H50*$AM$5<=32000),"25%", IF(AND(H50*$AM$5>8000,H50*$AM$5<=16000),"20%", 0)))))*H50*$AM$5 -> 26250 | AD50: =IF($B$14<70%,0, IF(I50*$AM$5>64000,"35%", IF(AND(I50*$AM$5>32000,I50*$AM$5<=64000),"30%", IF(AND(I50*$AM$5>16000,I50*$AM$5<=32000),"25%", IF(AND(I50*$AM$5>8000,I50*$AM$5<=16000),"20%", 0)))))*I50*$AM$5 -> 26250 | AE50: =IF($B$14<70%,0, IF(J50*$AM$5>64000,"35%", IF(AND(J50*$AM$5>32000,J50*$AM$5<=64000),"30%", IF(AND(J50*$AM$5>16000,J50*$AM$5<=32000),"25%", IF(AND(J50*$AM$5>8000,J50*$AM$5<=16000),"20%", 0)))))*J50*$AM$5 -> 26250 | AF50: =IF($B$14<70%,0, IF(K50*$AM$5>64000,"35%", IF(AND(K50*$AM$5>32000,K50*$AM$5<=64000),"30%", IF(AND(K50*$AM$5>16000,K50*$AM$5<=32000),"25%", IF(AND(K50*$AM$5>8000,K50*$AM$5<=16000),"20%", 0)))))*K50*$AM$5 -> 26250 | ... AJ50: =IF($B$14<70%,0, IF(O50*$AM$5>64000,"35%", IF(AND(O50*$AM$5>32000,O50*$AM$5<=64000),"30%", IF(AND(O50*$AM$5>16000,O50*$AM$5<=32000),"25%", IF(AND(O50*$AM$5>8000,O50*$AM$5<=16000),"20%", 0)))))*O50*$AM$5 -> 26250
C51: เบี้ย | D51: =IF($S$1=1,$E$5*$I$3,$E$5*$I$3*$O$18) -> 250000 | E51: =IF($S$1=1,$E$5*$I$3,$E$5*$I$3*$O$18) -> 250000 | F51: =IF($S$1=1,$E$5*$I$3,$E$5*$I$3*$O$18) -> 250000 | G51: =IF($S$1=1,$E$5*$I$3,$E$5*$I$3*$O$18) -> 250000 | H51: =IF($S$1=1,$E$5*$I$3,$E$5*$I$3*$O$18) -> 250000 | I51: =IF($S$1=1,$E$5*$I$3,$E$5*$I$3*$O$18) -> 250000 | J51: =IF($S$1=1,$E$5*$I$3,$E$5*$I$3*$O$18) -> 250000 | K51: =IF($S$1=1,$E$5*$I$3,$E$5*$I$3*$O$18) -> 250000 | ... O51: =IF($S$1=1,$E$5*$I$3,$E$5*$I$3*$O$18) -> 250000 | Q51: =SUM(D51:O51) -> 3000000 | R51: เบี้ยรวม | S51: =IF(AND($AL$13="Manual",AM27="OFF"),0,Y53) -> 392343.75 | T51: เงินเดือน (CB) | X51: MYB | Y51: =IF(SUM(D50:I50)*$AM$5>400000,"35%", IF(AND(SUM(D50:I50)*$AM$5>300000,SUM(D50:I50)*$AM$5<=400000),"32.5%", IF(AND(SUM(D50:I50)*$AM$5>250000,SUM(D50:I50)*$AM$5<=300000),"30%", IF(AND(SUM(D50:I50)*$AM$5>200000,SUM(D50:I50)*$AM$5<=250000),"27.5%", IF(AND(SUM(D50:I50)*$AM$5>150000,SUM(D50:I50)*$AM$5<=200000),"25%", IF(AND(SUM(D50:I50)*$AM$5>100000,SUM(D50:I50)*$AM$5<=150000),"22.5%", IF(AND(SUM(D50:I50)*$AM$5>60000,SUM(D50:I50)*$AM$5<=100000),"20%", IF(AND(SUM(D50:I50)*$AM$5>40000,SUM(D50:I50)*$AM$5<=60000),"17.5%", 1))))))))*(IF($B$14<70%,0%,IF(AND($B$14>=70%,$B$14<85%),100%,IF($B$14>=85%,110%,))))*SUM(D50:I50)*$AM$5 -> 157500 | Z51: =IF(SUM(J50:O50)*$AM$5>400000,"35%", IF(AND(SUM(J50:O50)*$AM$5>300000,SUM(J50:O50)*$AM$5<=400000),"32.5%", IF(AND(SUM(J50:O50)*$AM$5>250000,SUM(J50:O50)*$AM$5<=300000),"30%", IF(AND(SUM(J50:O50)*$AM$5>200000,SUM(J50:O50)*$AM$5<=250000),"27.5%", IF(AND(SUM(J50:O50)*$AM$5>150000,SUM(J50:O50)*$AM$5<=200000),"25%", IF(AND(SUM(J50:O50)*$AM$5>100000,SUM(J50:O50)*$AM$5<=150000),"22.5%", IF(AND(SUM(J50:O50)*$AM$5>60000,SUM(J50:O50)*$AM$5<=100000),"20%", IF(AND(SUM(J50:O50)*$AM$5>40000,SUM(J50:O50)*$AM$5<=60000),"17.5%", 1))))))))*(IF($B$14<70%,0%,IF(AND($B$14>=70%,$B$14<85%),100%,IF($B$14>=85%,110%,))))*SUM(J50:O50)*$AM$5 -> 157500
C52: รายได้ปีต่อ 4 | D52: =D42*$L$5*$B$14 -> 30000 | E52: =E42*$L$5*$B$14 -> 30000 | F52: =F42*$L$5*$B$14 -> 30000 | G52: =G42*$L$5*$B$14 -> 30000 | H52: =H42*$L$5*$B$14 -> 30000 | I52: =I42*$L$5*$B$14 -> 30000 | J52: =J42*$L$5*$B$14 -> 30000 | K52: =K42*$L$5*$B$14 -> 30000 | ... O52: =O42*$L$5*$B$14 -> 30000 | Q52: =SUM(D52:O52) -> 360000 | R52: รายได้ปีต่อ 4 | S52: =Y54 -> 0 | T52: เงินสมทบ (NAB) | X52: RB
C53: รายได้ปีต่อ 3 | D53: =D34*$M$5*$B$14 -> 18750 | E53: =E34*$M$5*$B$14 -> 18750 | F53: =F34*$M$5*$B$14 -> 18750 | G53: =G34*$M$5*$B$14 -> 18750 | H53: =H34*$M$5*$B$14 -> 18750 | I53: =I34*$M$5*$B$14 -> 18750 | J53: =J34*$M$5*$B$14 -> 18750 | K53: =K34*$M$5*$B$14 -> 18750 | ... O53: =O34*$M$5*$B$14 -> 18750 | Q53: =SUM(D53:O53) -> 225000 | R53: รายได้ปีต่อ 3 | S53: =IF(AND($AL$13="Manual",AM29="OFF"),0,Y55) -> 45000 | T53: เงินสะสม (SP) | X53: CB | Y53: =IF(AND(Q41*$AM$5>=200000,$B$14>=85%),SUM(Q43:Q45)*$B$14*$B$10*110%,IF(AND(Q41*$AM$5>=100000,$B$14>=75%),SUM(Q43:Q45)*$B$14*$B$10*100%,0)) -> 392343.75
C54: รายได้ปีต่อ 1-2 | D54: =SUM(D21*$O$5*$B$14,D27*$N$5*$B$14) -> 18750 | E54: =SUM(E21*$O$5*$B$14,E27*$N$5*$B$14) -> 18750 | F54: =SUM(F21*$O$5*$B$14,F27*$N$5*$B$14) -> 18750 | G54: =SUM(G21*$O$5*$B$14,G27*$N$5*$B$14) -> 18750 | H54: =SUM(H21*$O$5*$B$14,H27*$N$5*$B$14) -> 18750 | I54: =SUM(I21*$O$5*$B$14,I27*$N$5*$B$14) -> 18750 | J54: =SUM(J21*$O$5*$B$14,J27*$N$5*$B$14) -> 18750 | K54: =SUM(K21*$O$5*$B$14,K27*$N$5*$B$14) -> 18750 | ... O54: =SUM(O21*$O$5*$B$14,O27*$N$5*$B$14) -> 18750 | Q54: =SUM(D54:O54) -> 225000 | R54: รายได้ปีต่อ 1-2 | X54: NAB
X55: SP | Y55: =SUM(D50:O50)*$AM$5*5% -> 45000
B57: ปีที่ | C57: เดือนที่ | D57: 61 | E57: 62 | F57: 63 | G57: 64 | H57: 65 | I57: 66 | J57: 67 | K57: 68 | L57: 69 | M57: 70 | N57: 71 | O57: 72
B58: 6 | C58: ราย | D58: =$I$3 -> 10 | E58: =$I$3 -> 10 | F58: =$I$3 -> 10 | G58: =$I$3 -> 10 | H58: =$I$3 -> 10 | I58: =$I$3 -> 10 | J58: =$I$3 -> 10 | K58: =$I$3 -> 10 | ... O58: =$I$3 -> 10 | Q58: =SUM(D58:O58) -> 120 | R58: ราย | S58: =IF(AND($AL$13="Manual",AM25="OFF"),0,SUM(Y59:AJ59)) -> 315000 | T58: โบนัสรายเดือน (MB)
C59: รายได้ | D59: =IF($S$1=1,$E$5*$I$3*$K$5,$E$5*$I$3*$K$5*$O$18) -> 100000 | E59: =IF($S$1=1,$E$5*$I$3*$K$5,$E$5*$I$3*$K$5*$O$18) -> 100000 | F59: =IF($S$1=1,$E$5*$I$3*$K$5,$E$5*$I$3*$K$5*$O$18) -> 100000 | G59: =IF($S$1=1,$E$5*$I$3*$K$5,$E$5*$I$3*$K$5*$O$18) -> 100000 | H59: =IF($S$1=1,$E$5*$I$3*$K$5,$E$5*$I$3*$K$5*$O$18) -> 100000 | I59: =IF($S$1=1,$E$5*$I$3*$K$5,$E$5*$I$3*$K$5*$O$18) -> 100000 | J59: =IF($S$1=1,$E$5*$I$3*$K$5,$E$5*$I$3*$K$5*$O$18) -> 100000 | K59: =IF($S$1=1,$E$5*$I$3*$K$5,$E$5*$I$3*$K$5*$O$18) -> 100000 | ... O59: =IF($S$1=1,$E$5*$I$3*$K$5,$E$5*$I$3*$K$5*$O$18) -> 100000 | Q59: =SUM(D59:O59) -> 1200000 | R59: รายได้รวม | S59: =IF(AND($AL$13="Manual",AM26="OFF"),0,SUM(Y60:Z60)) -> 315000 | T59: โบนัสครึ่งปี (MYB) | X59: MB | Y59: =IF($B$14<70%,0, IF(D59*$AM$5>64000,"35%", IF(AND(D59*$AM$5>32000,D59*$AM$5<=64000),"30%", IF(AND(D59*$AM$5>16000,D59*$AM$5<=32000),"25%", IF(AND(D59*$AM$5>8000,D59*$AM$5<=16000),"20%", 0)))))*D59*$AM$5 -> 26250 | Z59: =IF($B$14<70%,0, IF(E59*$AM$5>64000,"35%", IF(AND(E59*$AM$5>32000,E59*$AM$5<=64000),"30%", IF(AND(E59*$AM$5>16000,E59*$AM$5<=32000),"25%", IF(AND(E59*$AM$5>8000,E59*$AM$5<=16000),"20%", 0)))))*E59*$AM$5 -> 26250 | AA59: =IF($B$14<70%,0, IF(F59*$AM$5>64000,"35%", IF(AND(F59*$AM$5>32000,F59*$AM$5<=64000),"30%", IF(AND(F59*$AM$5>16000,F59*$AM$5<=32000),"25%", IF(AND(F59*$AM$5>8000,F59*$AM$5<=16000),"20%", 0)))))*F59*$AM$5 -> 26250 | AB59: =IF($B$14<70%,0, IF(G59*$AM$5>64000,"35%", IF(AND(G59*$AM$5>32000,G59*$AM$5<=64000),"30%", IF(AND(G59*$AM$5>16000,G59*$AM$5<=32000),"25%", IF(AND(G59*$AM$5>8000,G59*$AM$5<=16000),"20%", 0)))))*G59*$AM$5 -> 26250 | AC59: =IF($B$14<70%,0, IF(H59*$AM$5>64000,"35%", IF(AND(H59*$AM$5>32000,H59*$AM$5<=64000),"30%", IF(AND(H59*$AM$5>16000,H59*$AM$5<=32000),"25%", IF(AND(H59*$AM$5>8000,H59*$AM$5<=16000),"20%", 0)))))*H59*$AM$5 -> 26250 | AD59: =IF($B$14<70%,0, IF(I59*$AM$5>64000,"35%", IF(AND(I59*$AM$5>32000,I59*$AM$5<=64000),"30%", IF(AND(I59*$AM$5>16000,I59*$AM$5<=32000),"25%", IF(AND(I59*$AM$5>8000,I59*$AM$5<=16000),"20%", 0)))))*I59*$AM$5 -> 26250 | AE59: =IF($B$14<70%,0, IF(J59*$AM$5>64000,"35%", IF(AND(J59*$AM$5>32000,J59*$AM$5<=64000),"30%", IF(AND(J59*$AM$5>16000,J59*$AM$5<=32000),"25%", IF(AND(J59*$AM$5>8000,J59*$AM$5<=16000),"20%", 0)))))*J59*$AM$5 -> 26250 | AF59: =IF($B$14<70%,0, IF(K59*$AM$5>64000,"35%", IF(AND(K59*$AM$5>32000,K59*$AM$5<=64000),"30%", IF(AND(K59*$AM$5>16000,K59*$AM$5<=32000),"25%", IF(AND(K59*$AM$5>8000,K59*$AM$5<=16000),"20%", 0)))))*K59*$AM$5 -> 26250 | ... AJ59: =IF($B$14<70%,0, IF(O59*$AM$5>64000,"35%", IF(AND(O59*$AM$5>32000,O59*$AM$5<=64000),"30%", IF(AND(O59*$AM$5>16000,O59*$AM$5<=32000),"25%", IF(AND(O59*$AM$5>8000,O59*$AM$5<=16000),"20%", 0)))))*O59*$AM$5 -> 26250
C60: เบี้ย | D60: =IF($S$1=1,$E$5*$I$3,$E$5*$I$3*$O$18) -> 250000 | E60: =IF($S$1=1,$E$5*$I$3,$E$5*$I$3*$O$18) -> 250000 | F60: =IF($S$1=1,$E$5*$I$3,$E$5*$I$3*$O$18) -> 250000 | G60: =IF($S$1=1,$E$5*$I$3,$E$5*$I$3*$O$18) -> 250000 | H60: =IF($S$1=1,$E$5*$I$3,$E$5*$I$3*$O$18) -> 250000 | I60: =IF($S$1=1,$E$5*$I$3,$E$5*$I$3*$O$18) -> 250000 | J60: =IF($S$1=1,$E$5*$I$3,$E$5*$I$3*$O$18) -> 250000 | K60: =IF($S$1=1,$E$5*$I$3,$E$5*$I$3*$O$18) -> 250000 | ... O60: =IF($S$1=1,$E$5*$I$3,$E$5*$I$3*$O$18) -> 250000 | Q60: =SUM(D60:O60) -> 3000000 | R60: เบี้ยรวม | S60: =IF(AND($AL$13="Manual",AM27="OFF"),0,Y62) -> 455625 | T60: เงินเดือน (CB) | X60: MYB | Y60: =IF(SUM(D59:I59)*$AM$5>400000,"35%", IF(AND(SUM(D59:I59)*$AM$5>300000,SUM(D59:I59)*$AM$5<=400000),"32.5%", IF(AND(SUM(D59:I59)*$AM$5>250000,SUM(D59:I59)*$AM$5<=300000),"30%", IF(AND(SUM(D59:I59)*$AM$5>200000,SUM(D59:I59)*$AM$5<=250000),"27.5%", IF(AND(SUM(D59:I59)*$AM$5>150000,SUM(D59:I59)*$AM$5<=200000),"25%", IF(AND(SUM(D59:I59)*$AM$5>100000,SUM(D59:I59)*$AM$5<=150000),"22.5%", IF(AND(SUM(D59:I59)*$AM$5>60000,SUM(D59:I59)*$AM$5<=100000),"20%", IF(AND(SUM(D59:I59)*$AM$5>40000,SUM(D59:I59)*$AM$5<=60000),"17.5%", 1))))))))*(IF($B$14<70%,0%,IF(AND($B$14>=70%,$B$14<85%),100%,IF($B$14>=85%,110%,))))*SUM(D59:I59)*$AM$5 -> 157500 | Z60: =IF(SUM(J59:O59)*$AM$5>400000,"35%", IF(AND(SUM(J59:O59)*$AM$5>300000,SUM(J59:O59)*$AM$5<=400000),"32.5%", IF(AND(SUM(J59:O59)*$AM$5>250000,SUM(J59:O59)*$AM$5<=300000),"30%", IF(AND(SUM(J59:O59)*$AM$5>200000,SUM(J59:O59)*$AM$5<=250000),"27.5%", IF(AND(SUM(J59:O59)*$AM$5>150000,SUM(J59:O59)*$AM$5<=200000),"25%", IF(AND(SUM(J59:O59)*$AM$5>100000,SUM(J59:O59)*$AM$5<=150000),"22.5%", IF(AND(SUM(J59:O59)*$AM$5>60000,SUM(J59:O59)*$AM$5<=100000),"20%", IF(AND(SUM(J59:O59)*$AM$5>40000,SUM(J59:O59)*$AM$5<=60000),"17.5%", 1))))))))*(IF($B$14<70%,0%,IF(AND($B$14>=70%,$B$14<85%),100%,IF($B$14>=85%,110%,))))*SUM(J59:O59)*$AM$5 -> 157500
C61: รายได้ปีต่อ 5 | D61: =D51*$L$5*$B$14 -> 30000 | E61: =E51*$L$5*$B$14 -> 30000 | F61: =F51*$L$5*$B$14 -> 30000 | G61: =G51*$L$5*$B$14 -> 30000 | H61: =H51*$L$5*$B$14 -> 30000 | I61: =I51*$L$5*$B$14 -> 30000 | J61: =J51*$L$5*$B$14 -> 30000 | K61: =K51*$L$5*$B$14 -> 30000 | ... O61: =O51*$L$5*$B$14 -> 30000 | Q61: =SUM(D61:O61) -> 360000 | R61: รายได้ปีต่อ 5 | S61: =Y63 -> 0 | T61: เงินสมทบ (NAB) | X61: RB
C62: รายได้ปีต่อ 4 | D62: =D42*$M$5*$B$14 -> 18750 | E62: =E42*$M$5*$B$14 -> 18750 | F62: =F42*$M$5*$B$14 -> 18750 | G62: =G42*$M$5*$B$14 -> 18750 | H62: =H42*$M$5*$B$14 -> 18750 | I62: =I42*$M$5*$B$14 -> 18750 | J62: =J42*$M$5*$B$14 -> 18750 | K62: =K42*$M$5*$B$14 -> 18750 | ... O62: =O42*$M$5*$B$14 -> 18750 | Q62: =SUM(D62:O62) -> 225000 | R62: รายได้ปีต่อ 4 | S62: =IF(AND($AL$13="Manual",AM29="OFF"),0,Y64) -> 45000 | T62: เงินสะสม (SP) | X62: CB | Y62: =IF(AND(Q50*$AM$5>=200000,$B$14>=85%),SUM(Q52:Q54)*$B$14*$B$10*110%,IF(AND(Q50*$AM$5>=100000,$B$14>=75%),SUM(Q52:Q54)*$B$14*$B$10*100%,0)) -> 455625
C63: รายได้ปีต่อ 1-3 | D63: =SUM(D21*$Q$5*$B$14,D27*$O$5*$B$14,D34*$N$5*$B$14) -> 28125 | E63: =SUM(E21*$Q$5*$B$14,E27*$O$5*$B$14,E34*$N$5*$B$14) -> 28125 | F63: =SUM(F21*$Q$5*$B$14,F27*$O$5*$B$14,F34*$N$5*$B$14) -> 28125 | G63: =SUM(G21*$Q$5*$B$14,G27*$O$5*$B$14,G34*$N$5*$B$14) -> 28125 | H63: =SUM(H21*$Q$5*$B$14,H27*$O$5*$B$14,H34*$N$5*$B$14) -> 28125 | I63: =SUM(I21*$Q$5*$B$14,I27*$O$5*$B$14,I34*$N$5*$B$14) -> 28125 | J63: =SUM(J21*$Q$5*$B$14,J27*$O$5*$B$14,J34*$N$5*$B$14) -> 28125 | K63: =SUM(K21*$Q$5*$B$14,K27*$O$5*$B$14,K34*$N$5*$B$14) -> 28125 | ... O63: =SUM(O21*$Q$5*$B$14,O27*$O$5*$B$14,O34*$N$5*$B$14) -> 28125 | Q63: =SUM(D63:O63) -> 337500 | R63: รายได้ปีต่อ 1-3 | X63: NAB
X64: SP | Y64: =SUM(D59:O59)*$AM$5*5% -> 45000
B66: ปีที่ | C66: เดือนที่ | D66: 73 | E66: 74 | F66: 75 | G66: 76 | H66: 77 | I66: 78 | J66: 79 | K66: 80 | L66: 81 | M66: 82 | N66: 83 | O66: 84
B67: 7 | C67: ราย | D67: =$I$3 -> 10 | E67: =$I$3 -> 10 | F67: =$I$3 -> 10 | G67: =$I$3 -> 10 | H67: =$I$3 -> 10 | I67: =$I$3 -> 10 | J67: =$I$3 -> 10 | K67: =$I$3 -> 10 | ... O67: =$I$3 -> 10 | Q67: =SUM(D67:O67) -> 120 | R67: ราย | S67: =IF(AND($AL$13="Manual",AM25="OFF"),0,SUM(Y68:AJ68)) -> 315000 | T67: โบนัสรายเดือน (MB)
C68: รายได้ | D68: =IF($S$1=1,$E$5*$I$3*$K$5,$E$5*$I$3*$K$5*$O$18) -> 100000 | E68: =IF($S$1=1,$E$5*$I$3*$K$5,$E$5*$I$3*$K$5*$O$18) -> 100000 | F68: =IF($S$1=1,$E$5*$I$3*$K$5,$E$5*$I$3*$K$5*$O$18) -> 100000 | G68: =IF($S$1=1,$E$5*$I$3*$K$5,$E$5*$I$3*$K$5*$O$18) -> 100000 | H68: =IF($S$1=1,$E$5*$I$3*$K$5,$E$5*$I$3*$K$5*$O$18) -> 100000 | I68: =IF($S$1=1,$E$5*$I$3*$K$5,$E$5*$I$3*$K$5*$O$18) -> 100000 | J68: =IF($S$1=1,$E$5*$I$3*$K$5,$E$5*$I$3*$K$5*$O$18) -> 100000 | K68: =IF($S$1=1,$E$5*$I$3*$K$5,$E$5*$I$3*$K$5*$O$18) -> 100000 | ... O68: =IF($S$1=1,$E$5*$I$3*$K$5,$E$5*$I$3*$K$5*$O$18) -> 100000 | Q68: =SUM(D68:O68) -> 1200000 | R68: รายได้รวม | S68: =IF(AND($AL$13="Manual",AM26="OFF"),0,SUM(Y69:Z69)) -> 315000 | T68: โบนัสครึ่งปี (MYB) | X68: MB | Y68: =IF($B$14<70%,0, IF(D68*$AM$5>64000,"35%", IF(AND(D68*$AM$5>32000,D68*$AM$5<=64000),"30%", IF(AND(D68*$AM$5>16000,D68*$AM$5<=32000),"25%", IF(AND(D68*$AM$5>8000,D68*$AM$5<=16000),"20%", 0)))))*D68*$AM$5 -> 26250 | Z68: =IF($B$14<70%,0, IF(E68*$AM$5>64000,"35%", IF(AND(E68*$AM$5>32000,E68*$AM$5<=64000),"30%", IF(AND(E68*$AM$5>16000,E68*$AM$5<=32000),"25%", IF(AND(E68*$AM$5>8000,E68*$AM$5<=16000),"20%", 0)))))*E68*$AM$5 -> 26250 | AA68: =IF($B$14<70%,0, IF(F68*$AM$5>64000,"35%", IF(AND(F68*$AM$5>32000,F68*$AM$5<=64000),"30%", IF(AND(F68*$AM$5>16000,F68*$AM$5<=32000),"25%", IF(AND(F68*$AM$5>8000,F68*$AM$5<=16000),"20%", 0)))))*F68*$AM$5 -> 26250 | AB68: =IF($B$14<70%,0, IF(G68*$AM$5>64000,"35%", IF(AND(G68*$AM$5>32000,G68*$AM$5<=64000),"30%", IF(AND(G68*$AM$5>16000,G68*$AM$5<=32000),"25%", IF(AND(G68*$AM$5>8000,G68*$AM$5<=16000),"20%", 0)))))*G68*$AM$5 -> 26250 | AC68: =IF($B$14<70%,0, IF(H68*$AM$5>64000,"35%", IF(AND(H68*$AM$5>32000,H68*$AM$5<=64000),"30%", IF(AND(H68*$AM$5>16000,H68*$AM$5<=32000),"25%", IF(AND(H68*$AM$5>8000,H68*$AM$5<=16000),"20%", 0)))))*H68*$AM$5 -> 26250 | AD68: =IF($B$14<70%,0, IF(I68*$AM$5>64000,"35%", IF(AND(I68*$AM$5>32000,I68*$AM$5<=64000),"30%", IF(AND(I68*$AM$5>16000,I68*$AM$5<=32000),"25%", IF(AND(I68*$AM$5>8000,I68*$AM$5<=16000),"20%", 0)))))*I68*$AM$5 -> 26250 | AE68: =IF($B$14<70%,0, IF(J68*$AM$5>64000,"35%", IF(AND(J68*$AM$5>32000,J68*$AM$5<=64000),"30%", IF(AND(J68*$AM$5>16000,J68*$AM$5<=32000),"25%", IF(AND(J68*$AM$5>8000,J68*$AM$5<=16000),"20%", 0)))))*J68*$AM$5 -> 26250 | AF68: =IF($B$14<70%,0, IF(K68*$AM$5>64000,"35%", IF(AND(K68*$AM$5>32000,K68*$AM$5<=64000),"30%", IF(AND(K68*$AM$5>16000,K68*$AM$5<=32000),"25%", IF(AND(K68*$AM$5>8000,K68*$AM$5<=16000),"20%", 0)))))*K68*$AM$5 -> 26250 | ... AJ68: =IF($B$14<70%,0, IF(O68*$AM$5>64000,"35%", IF(AND(O68*$AM$5>32000,O68*$AM$5<=64000),"30%", IF(AND(O68*$AM$5>16000,O68*$AM$5<=32000),"25%", IF(AND(O68*$AM$5>8000,O68*$AM$5<=16000),"20%", 0)))))*O68*$AM$5 -> 26250
C69: เบี้ย | D69: =IF($S$1=1,$E$5*$I$3,$E$5*$I$3*$O$18) -> 250000 | E69: =IF($S$1=1,$E$5*$I$3,$E$5*$I$3*$O$18) -> 250000 | F69: =IF($S$1=1,$E$5*$I$3,$E$5*$I$3*$O$18) -> 250000 | G69: =IF($S$1=1,$E$5*$I$3,$E$5*$I$3*$O$18) -> 250000 | H69: =IF($S$1=1,$E$5*$I$3,$E$5*$I$3*$O$18) -> 250000 | I69: =IF($S$1=1,$E$5*$I$3,$E$5*$I$3*$O$18) -> 250000 | J69: =IF($S$1=1,$E$5*$I$3,$E$5*$I$3*$O$18) -> 250000 | K69: =IF($S$1=1,$E$5*$I$3,$E$5*$I$3*$O$18) -> 250000 | ... O69: =IF($S$1=1,$E$5*$I$3,$E$5*$I$3*$O$18) -> 250000 | Q69: =SUM(D69:O69) -> 3000000 | R69: เบี้ยรวม | S69: =IF(AND($AL$13="Manual",AM27="OFF"),0,Y71) -> 518906.25 | T69: เงินเดือน (CB) | X69: MYB | Y69: =IF(SUM(D68:I68)*$AM$5>400000,"35%", IF(AND(SUM(D68:I68)*$AM$5>300000,SUM(D68:I68)*$AM$5<=400000),"32.5%", IF(AND(SUM(D68:I68)*$AM$5>250000,SUM(D68:I68)*$AM$5<=300000),"30%", IF(AND(SUM(D68:I68)*$AM$5>200000,SUM(D68:I68)*$AM$5<=250000),"27.5%", IF(AND(SUM(D68:I68)*$AM$5>150000,SUM(D68:I68)*$AM$5<=200000),"25%", IF(AND(SUM(D68:I68)*$AM$5>100000,SUM(D68:I68)*$AM$5<=150000),"22.5%", IF(AND(SUM(D68:I68)*$AM$5>60000,SUM(D68:I68)*$AM$5<=100000),"20%", IF(AND(SUM(D68:I68)*$AM$5>40000,SUM(D68:I68)*$AM$5<=60000),"17.5%", 1))))))))*(IF($B$14<70%,0%,IF(AND($B$14>=70%,$B$14<85%),100%,IF($B$14>=85%,110%,))))*SUM(D68:I68)*$AM$5 -> 157500 | Z69: =IF(SUM(J68:O68)*$AM$5>400000,"35%", IF(AND(SUM(J68:O68)*$AM$5>300000,SUM(J68:O68)*$AM$5<=400000),"32.5%", IF(AND(SUM(J68:O68)*$AM$5>250000,SUM(J68:O68)*$AM$5<=300000),"30%", IF(AND(SUM(J68:O68)*$AM$5>200000,SUM(J68:O68)*$AM$5<=250000),"27.5%", IF(AND(SUM(J68:O68)*$AM$5>150000,SUM(J68:O68)*$AM$5<=200000),"25%", IF(AND(SUM(J68:O68)*$AM$5>100000,SUM(J68:O68)*$AM$5<=150000),"22.5%", IF(AND(SUM(J68:O68)*$AM$5>60000,SUM(J68:O68)*$AM$5<=100000),"20%", IF(AND(SUM(J68:O68)*$AM$5>40000,SUM(J68:O68)*$AM$5<=60000),"17.5%", 1))))))))*(IF($B$14<70%,0%,IF(AND($B$14>=70%,$B$14<85%),100%,IF($B$14>=85%,110%,))))*SUM(J68:O68)*$AM$5 -> 157500
C70: รายได้ปีต่อ 6 | D70: =D60*$L$5*$B$14 -> 30000 | E70: =E60*$L$5*$B$14 -> 30000 | F70: =F60*$L$5*$B$14 -> 30000 | G70: =G60*$L$5*$B$14 -> 30000 | H70: =H60*$L$5*$B$14 -> 30000 | I70: =I60*$L$5*$B$14 -> 30000 | J70: =J60*$L$5*$B$14 -> 30000 | K70: =K60*$L$5*$B$14 -> 30000 | ... O70: =O60*$L$5*$B$14 -> 30000 | Q70: =SUM(D70:O70) -> 360000 | R70: รายได้ปีต่อ 6 | S70: =Y72 -> 0 | T70: เงินสมทบ (NAB) | X70: RB
C71: รายได้ปีต่อ 5 | D71: =D51*$M$5*$B$14 -> 18750 | E71: =E51*$M$5*$B$14 -> 18750 | F71: =F51*$M$5*$B$14 -> 18750 | G71: =G51*$M$5*$B$14 -> 18750 | H71: =H51*$M$5*$B$14 -> 18750 | I71: =I51*$M$5*$B$14 -> 18750 | J71: =J51*$M$5*$B$14 -> 18750 | K71: =K51*$M$5*$B$14 -> 18750 | ... O71: =O51*$M$5*$B$14 -> 18750 | Q71: =SUM(D71:O71) -> 225000 | R71: รายได้ปีต่อ 5 | S71: =IF(AND($AL$13="Manual",AM29="OFF"),0,Y73) -> 45000 | T71: เงินสะสม (SP) | X71: CB | Y71: =IF(AND(Q59*$AM$5>=200000,$B$14>=85%),SUM(Q61:Q63)*$B$14*$B$10*110%,IF(AND(Q59*$AM$5>=100000,$B$14>=75%),SUM(Q61:Q63)*$B$14*$B$10*100%,0)) -> 518906.25
C72: รายได้ปีต่อ 1-4 | D72: =SUM(D21*$R$5*$B$14,D27*$Q$5*$B$14,D34*$O$5*$B$14,D42*$N$5*$B$14) -> 37500 | E72: =SUM(E21*$R$5*$B$14,E27*$Q$5*$B$14,E34*$O$5*$B$14,E42*$N$5*$B$14) -> 37500 | F72: =SUM(F21*$R$5*$B$14,F27*$Q$5*$B$14,F34*$O$5*$B$14,F42*$N$5*$B$14) -> 37500 | G72: =SUM(G21*$R$5*$B$14,G27*$Q$5*$B$14,G34*$O$5*$B$14,G42*$N$5*$B$14) -> 37500 | H72: =SUM(H21*$R$5*$B$14,H27*$Q$5*$B$14,H34*$O$5*$B$14,H42*$N$5*$B$14) -> 37500 | I72: =SUM(I21*$R$5*$B$14,I27*$Q$5*$B$14,I34*$O$5*$B$14,I42*$N$5*$B$14) -> 37500 | J72: =SUM(J21*$R$5*$B$14,J27*$Q$5*$B$14,J34*$O$5*$B$14,J42*$N$5*$B$14) -> 37500 | K72: =SUM(K21*$R$5*$B$14,K27*$Q$5*$B$14,K34*$O$5*$B$14,K42*$N$5*$B$14) -> 37500 | ... O72: =SUM(O21*$R$5*$B$14,O27*$Q$5*$B$14,O34*$O$5*$B$14,O42*$N$5*$B$14) -> 37500 | Q72: =SUM(D72:O72) -> 450000 | R72: รายได้ปีต่อ 1-4 | X72: NAB
X73: SP | Y73: =SUM(D68:O68)*$AM$5*5% -> 45000

Sheet ขายรายเดือน 2
B2: FYC/RYC
B3: แบบประกัน | E3: 1 | F3: 2 | G3: 3 | H3: 4 | I3: 5
B4: ='ขายรายเดือน 1'!AM3 -> สุพรีม ไลฟ์ โพรเทคเตอร์ A90/20 | E4: ='ขายรายเดือน 1'!K5 -> 0.4 | F4: ='ขายรายเดือน 1'!L5 -> 0.16 | G4: ='ขายรายเดือน 1'!M5 -> 0.1 | H4: ='ขายรายเดือน 1'!N5 -> 0.05 | I4: ='ขายรายเดือน 1'!O5 -> 0.05
B6: Agt. | D6: ='ขายรายเดือน 1'!E3 -> 1 | G6: ราย / เดือน | I6: ='ขายรายเดือน 1'!I3 -> 10
B7: Cases/ M. | D7: ='ขายรายเดือน 1'!E4 -> 10 | G7: รายได้ | I7: ='ขายรายเดือน 1'!I4 -> 0.4
B8: FYP/ ราย | D8: ='ขายรายเดือน 1'!E5 -> 25000 | G8: FYC/ ราย | I8: ='ขายรายเดือน 1'!I5 -> 10000
B9: FYP/ เดือน | D9: =D6*D7*D8 -> 250000 | G9: FYC/ เดือน | I9: =D6*I6*I8 -> 100000
B10: FYP/ ปี | D10: =D9*12 -> 3000000 | G10: FYC/ ปี | I10: =I9*12 -> 1200000
B12: ผลประโยชน์ตัวแทน 5 ปี
B13: ปีที่ | D13: 1 | E13: 2 | F13: 3 | G13: 4 | H13: 5 | I13: รวมรับ
B14: FYP/RYP | D14: ='ขายรายเดือน 1'!Q21 -> 3000000 | E14: ='ขายรายเดือน 1'!Q27+D14 -> 6000000 | F14: ='ขายรายเดือน 1'!Q34+E14 -> 9000000 | G14: ='ขายรายเดือน 1'!Q42+F14 -> 12000000 | H14: ='ขายรายเดือน 1'!Q51+G14 -> 15000000 | I14: =SUM(D14:H14) -> 45000000
B15: คอมมิสชัน | D15: ='ขายรายเดือน 1'!F9 -> 1200000 | E15: ='ขายรายเดือน 1'!G9 -> 1560000 | F15: ='ขายรายเดือน 1'!H9 -> 1785000 | G15: ='ขายรายเดือน 1'!I9 -> 1897500 | H15: ='ขายรายเดือน 1'!J9 -> 2010000 | I15: =SUM(D15:H15) -> 8452500
B16: โบนัสรายเดือน (MB) | D16: ='ขายรายเดือน 1'!F10 -> 315000 | E16: ='ขายรายเดือน 1'!G10 -> 315000 | F16: ='ขายรายเดือน 1'!H10 -> 315000 | G16: ='ขายรายเดือน 1'!I10 -> 315000 | H16: ='ขายรายเดือน 1'!J10 -> 315000 | I16: =SUM(D16:H16) -> 1575000
B17: โบนัสครึ่งปี (MYB) | D17: ='ขายรายเดือน 1'!F11 -> 315000 | E17: ='ขายรายเดือน 1'!G11 -> 315000 | F17: ='ขายรายเดือน 1'!H11 -> 315000 | G17: ='ขายรายเดือน 1'!I11 -> 315000 | H17: ='ขายรายเดือน 1'!J11 -> 315000 | I17: =SUM(D17:H17) -> 1575000
B18: เงินเดือน (CB) | D18: ='ขายรายเดือน 1'!F12 -> 0 | E18: ='ขายรายเดือน 1'!G12 -> 0 | F18: ='ขายรายเดือน 1'!H12 -> 202500 | G18: ='ขายรายเดือน 1'!I12 -> 329062.5 | H18: ='ขายรายเดือน 1'!J12 -> 392343.75 | I18: =SUM(D18:H18) -> 923906.25
B19: เงินสมทบ (NAB) | D19: ='ขายรายเดือน 1'!F13 -> 40000 | E19: ='ขายรายเดือน 1'!G13 -> 0 | F19: ='ขายรายเดือน 1'!H13 -> 0 | G19: ='ขายรายเดือน 1'!I13 -> 0 | H19: ='ขายรายเดือน 1'!J13 -> 0 | I19: =SUM(D19:H19) -> 40000
B20: เงินสะสม (SP) | D20: ='ขายรายเดือน 1'!F14 -> 45000 | E20: ='ขายรายเดือน 1'!G14 -> 45000 | F20: ='ขายรายเดือน 1'!H14 -> 45000 | G20: ='ขายรายเดือน 1'!I14 -> 45000 | H20: ='ขายรายเดือน 1'!J14 -> 45000 | I20: =SUM(D20:H20) -> 225000
B21: รวม | D21: ='ขายรายเดือน 1'!F15 -> 1915000 | E21: ='ขายรายเดือน 1'!G15 -> 2235000 | F21: ='ขายรายเดือน 1'!H15 -> 2662500 | G21: ='ขายรายเดือน 1'!I15 -> 2901562.5 | H21: ='ขายรายเดือน 1'!J15 -> 3077343.8 | I21: =SUM(D21:H21) -> 12791406
B22: รายได้เฉลี่ย / เดือน | D22: ='ขายรายเดือน 1'!F16 -> 159583.33 | E22: ='ขายรายเดือน 1'!G16 -> 186250 | F22: ='ขายรายเดือน 1'!H16 -> 221875 | G22: ='ขายรายเดือน 1'!I16 -> 241796.88 | H22: ='ขายรายเดือน 1'!J16 -> 256445.31 | I22: =SUM(D22:H22)/5 -> 213190.1

Sheet ขายรายเดือน 3
B2: ปีที่ | C2: เดือนที่ | D2: 1 | E2: 2 | F2: 3 | G2: 4 | H2: 5 | I2: 6 | J2: 7 | K2: 8 | L2: 9 | M2: 10 | N2: 11 | O2: 12 | S2: ='ขายรายเดือน 1'!S18 -> 315000 | T2: โบนัสรายเดือน (MB)
B3: 1 | C3: ราย | D3: ='ขายรายเดือน 1'!D19 -> 10 | E3: ='ขายรายเดือน 1'!E19 -> 10 | F3: ='ขายรายเดือน 1'!F19 -> 10 | G3: ='ขายรายเดือน 1'!G19 -> 10 | H3: ='ขายรายเดือน 1'!H19 -> 10 | I3: ='ขายรายเดือน 1'!I19 -> 10 | J3: ='ขายรายเดือน 1'!J19 -> 10 | K3: ='ขายรายเดือน 1'!K19 -> 10 | ... O3: ='ขายรายเดือน 1'!O19 -> 10 | Q3: ='ขายรายเดือน 1'!Q19 -> 120 | R3: ราย | S3: ='ขายรายเดือน 1'!S19 -> 315000 | T3: โบนัสครึ่งปี (MYB)
C4: รายได้ | D4: ='ขายรายเดือน 1'!D20 -> 100000 | E4: ='ขายรายเดือน 1'!E20 -> 100000 | F4: ='ขายรายเดือน 1'!F20 -> 100000 | G4: ='ขายรายเดือน 1'!G20 -> 100000 | H4: ='ขายรายเดือน 1'!H20 -> 100000 | I4: ='ขายรายเดือน 1'!I20 -> 100000 | J4: ='ขายรายเดือน 1'!J20 -> 100000 | K4: ='ขายรายเดือน 1'!K20 -> 100000 | ... O4: ='ขายรายเดือน 1'!O20 -> 100000 | Q4: ='ขายรายเดือน 1'!Q20 -> 1200000 | R4: รายได้รวม | S4: ='ขายรายเดือน 1'!S20 -> 0 | T4: เงินเดือน (CB)
C5: เบี้ย | D5: ='ขายรายเดือน 1'!D21 -> 250000 | E5: ='ขายรายเดือน 1'!E21 -> 250000 | F5: ='ขายรายเดือน 1'!F21 -> 250000 | G5: ='ขายรายเดือน 1'!G21 -> 250000 | H5: ='ขายรายเดือน 1'!H21 -> 250000 | I5: ='ขายรายเดือน 1'!I21 -> 250000 | J5: ='ขายรายเดือน 1'!J21 -> 250000 | K5: ='ขายรายเดือน 1'!K21 -> 250000 | ... O5: ='ขายรายเดือน 1'!O21 -> 250000 | Q5: ='ขายรายเดือน 1'!Q21 -> 3000000 | R5: เบี้ยรวม | S5: ='ขายรายเดือน 1'!S21 -> 40000 | T5: เงินสมทบ (NAB)
S6: ='ขายรายเดือน 1'!S22 -> 45000 | T6: เงินสะสม (SP)
B8: ปีที่ | C8: เดือนที่ | D8: 13 | E8: 14 | F8: 15 | G8: 16 | H8: 17 | I8: 18 | J8: 19 | K8: 20 | L8: 21 | M8: 22 | N8: 23 | O8: 24
B9: 2 | C9: ราย | D9: ='ขายรายเดือน 1'!D25 -> 10 | E9: ='ขายรายเดือน 1'!E25 -> 10 | F9: ='ขายรายเดือน 1'!F25 -> 10 | G9: ='ขายรายเดือน 1'!G25 -> 10 | H9: ='ขายรายเดือน 1'!H25 -> 10 | I9: ='ขายรายเดือน 1'!I25 -> 10 | J9: ='ขายรายเดือน 1'!J25 -> 10 | K9: ='ขายรายเดือน 1'!K25 -> 10 | ... O9: ='ขายรายเดือน 1'!O25 -> 10 | Q9: ='ขายรายเดือน 1'!Q25 -> 120 | R9: ราย | S9: ='ขายรายเดือน 1'!S25 -> 315000 | T9: โบนัสรายเดือน (MB)
C10: รายได้ | D10: ='ขายรายเดือน 1'!D26 -> 100000 | E10: ='ขายรายเดือน 1'!E26 -> 100000 | F10: ='ขายรายเดือน 1'!F26 -> 100000 | G10: ='ขายรายเดือน 1'!G26 -> 100000 | H10: ='ขายรายเดือน 1'!H26 -> 100000 | I10: ='ขายรายเดือน 1'!I26 -> 100000 | J10: ='ขายรายเดือน 1'!J26 -> 100000 | K10: ='ขายรายเดือน 1'!K26 -> 100000 | ... O10: ='ขายรายเดือน 1'!O26 -> 100000 | Q10: ='ขายรายเดือน 1'!Q26 -> 1200000 | R10: รายได้รวม | S10: ='ขายรายเดือน 1'!S26 -> 315000 | T10: โบนัสครึ่งปี (MYB)
C11: เบี้ย | D11: ='ขายรายเดือน 1'!D27 -> 250000 | E11: ='ขายรายเดือน 1'!E27 -> 250000 | F11: ='ขายรายเดือน 1'!F27 -> 250000 | G11: ='ขายรายเดือน 1'!G27 -> 250000 | H11: ='ขายรายเดือน 1'!H27 -> 250000 | I11: ='ขายรายเดือน 1'!I27 -> 250000 | J11: ='ขายรายเดือน 1'!J27 -> 250000 | K11: ='ขายรายเดือน 1'!K27 -> 250000 | ... O11: ='ขายรายเดือน 1'!O27 -> 250000 | Q11: ='ขายรายเดือน 1'!Q27 -> 3000000 | R11: เบี้ยรวม | S11: ='ขายรายเดือน 1'!S27 -> 0 | T11: เงินเดือน (CB)
C12: รายได้ปีต่อ 1 | D12: ='ขายรายเดือน 1'!D28 -> 30000 | E12: ='ขายรายเดือน 1'!E28 -> 30000 | F12: ='ขายรายเดือน 1'!F28 -> 30000 | G12: ='ขายรายเดือน 1'!G28 -> 30000 | H12: ='ขายรายเดือน 1'!H28 -> 30000 | I12: ='ขายรายเดือน 1'!I28 -> 30000 | J12: ='ขายรายเดือน 1'!J28 -> 30000 | K12: ='ขายรายเดือน 1'!K28 -> 30000 | ... O12: ='ขายรายเดือน 1'!O28 -> 30000 | Q12: ='ขายรายเดือน 1'!Q28 -> 360000 | R12: รายได้ปีต่อ 1 | S12: ='ขายรายเดือน 1'!S28 -> 0 | T12: เงินสมทบ (NAB)
S13: ='ขายรายเดือน 1'!S29 -> 45000 | T13: เงินสะสม (SP)
B15: ปีที่ | C15: เดือนที่ | D15: 25 | E15: 26 | F15: 27 | G15: 28 | H15: 29 | I15: 30 | J15: 31 | K15: 32 | L15: 33 | M15: 34 | N15: 35 | O15: 36
B16: 3 | C16: ราย | D16: ='ขายรายเดือน 1'!D32 -> 10 | E16: ='ขายรายเดือน 1'!E32 -> 10 | F16: ='ขายรายเดือน 1'!F32 -> 10 | G16: ='ขายรายเดือน 1'!G32 -> 10 | H16: ='ขายรายเดือน 1'!H32 -> 10 | I16: ='ขายรายเดือน 1'!I32 -> 10 | J16: ='ขายรายเดือน 1'!J32 -> 10 | K16: ='ขายรายเดือน 1'!K32 -> 10 | ... O16: ='ขายรายเดือน 1'!O32 -> 10 | Q16: ='ขายรายเดือน 1'!Q32 -> 120 | R16: ราย | S16: ='ขายรายเดือน 1'!S32 -> 315000 | T16: โบนัสรายเดือน (MB)
C17: รายได้ | D17: ='ขายรายเดือน 1'!D33 -> 100000 | E17: ='ขายรายเดือน 1'!E33 -> 100000 | F17: ='ขายรายเดือน 1'!F33 -> 100000 | G17: ='ขายรายเดือน 1'!G33 -> 100000 | H17: ='ขายรายเดือน 1'!H33 -> 100000 | I17: ='ขายรายเดือน 1'!I33 -> 100000 | J17: ='ขายรายเดือน 1'!J33 -> 100000 | K17: ='ขายรายเดือน 1'!K33 -> 100000 | ... O17: ='ขายรายเดือน 1'!O33 -> 100000 | Q17: ='ขายรายเดือน 1'!Q33 -> 1200000 | R17: รายได้รวม | S17: ='ขายรายเดือน 1'!S33 -> 315000 | T17: โบนัสครึ่งปี (MYB)
C18: เบี้ย | D18: ='ขายรายเดือน 1'!D34 -> 250000 | E18: ='ขายรายเดือน 1'!E34 -> 250000 | F18: ='ขายรายเดือน 1'!F34 -> 250000 | G18: ='ขายรายเดือน 1'!G34 -> 250000 | H18: ='ขายรายเดือน 1'!H34 -> 250000 | I18: ='ขายรายเดือน 1'!I34 -> 250000 | J18: ='ขายรายเดือน 1'!J34 -> 250000 | K18: ='ขายรายเดือน 1'!K34 -> 250000 | ... O18: ='ขายรายเดือน 1'!O34 -> 250000 | Q18: ='ขายรายเดือน 1'!Q34 -> 3000000 | R18: เบี้ยรวม | S18: ='ขายรายเดือน 1'!S34 -> 202500 | T18: เงินเดือน (CB)
C19: รายได้ปีต่อ 2 | D19: ='ขายรายเดือน 1'!D35 -> 30000 | E19: ='ขายรายเดือน 1'!E35 -> 30000 | F19: ='ขายรายเดือน 1'!F35 -> 30000 | G19: ='ขายรายเดือน 1'!G35 -> 30000 | H19: ='ขายรายเดือน 1'!H35 -> 30000 | I19: ='ขายรายเดือน 1'!I35 -> 30000 | J19: ='ขายรายเดือน 1'!J35 -> 30000 | K19: ='ขายรายเดือน 1'!K35 -> 30000 | ... O19: ='ขายรายเดือน 1'!O35 -> 30000 | Q19: ='ขายรายเดือน 1'!Q35 -> 360000 | R19: รายได้ปีต่อ 2 | S19: ='ขายรายเดือน 1'!S35 -> 0 | T19: เงินสมทบ (NAB)
C20: รายได้ปีต่อ 1 | D20: ='ขายรายเดือน 1'!D36 -> 18750 | E20: ='ขายรายเดือน 1'!E36 -> 18750 | F20: ='ขายรายเดือน 1'!F36 -> 18750 | G20: ='ขายรายเดือน 1'!G36 -> 18750 | H20: ='ขายรายเดือน 1'!H36 -> 18750 | I20: ='ขายรายเดือน 1'!I36 -> 18750 | J20: ='ขายรายเดือน 1'!J36 -> 18750 | K20: ='ขายรายเดือน 1'!K36 -> 18750 | ... O20: ='ขายรายเดือน 1'!O36 -> 18750 | Q20: ='ขายรายเดือน 1'!Q36 -> 225000 | R20: รายได้ปีต่อ 1 | S20: ='ขายรายเดือน 1'!S36 -> 45000 | T20: เงินสะสม (SP)
B23: ปีที่ | C23: เดือนที่ | D23: 37 | E23: 38 | F23: 39 | G23: 40 | H23: 41 | I23: 42 | J23: 43 | K23: 44 | L23: 45 | M23: 46 | N23: 47 | O23: 48
B24: 4 | C24: ราย | D24: ='ขายรายเดือน 1'!D40 -> 10 | E24: ='ขายรายเดือน 1'!E40 -> 10 | F24: ='ขายรายเดือน 1'!F40 -> 10 | G24: ='ขายรายเดือน 1'!G40 -> 10 | H24: ='ขายรายเดือน 1'!H40 -> 10 | I24: ='ขายรายเดือน 1'!I40 -> 10 | J24: ='ขายรายเดือน 1'!J40 -> 10 | K24: ='ขายรายเดือน 1'!K40 -> 10 | ... O24: ='ขายรายเดือน 1'!O40 -> 10 | Q24: ='ขายรายเดือน 1'!Q40 -> 120 | R24: ราย | S24: ='ขายรายเดือน 1'!S40 -> 315000 | T24: โบนัสรายเดือน (MB)
C25: รายได้ | D25: ='ขายรายเดือน 1'!D41 -> 100000 | E25: ='ขายรายเดือน 1'!E41 -> 100000 | F25: ='ขายรายเดือน 1'!F41 -> 100000 | G25: ='ขายรายเดือน 1'!G41 -> 100000 | H25: ='ขายรายเดือน 1'!H41 -> 100000 | I25: ='ขายรายเดือน 1'!I41 -> 100000 | J25: ='ขายรายเดือน 1'!J41 -> 100000 | K25: ='ขายรายเดือน 1'!K41 -> 100000 | ... O25: ='ขายรายเดือน 1'!O41 -> 100000 | Q25: ='ขายรายเดือน 1'!Q41 -> 1200000 | R25: รายได้รวม | S25: ='ขายรายเดือน 1'!S41 -> 315000 | T25: โบนัสครึ่งปี (MYB)
C26: เบี้ย | D26: ='ขายรายเดือน 1'!D42 -> 250000 | E26: ='ขายรายเดือน 1'!E42 -> 250000 | F26: ='ขายรายเดือน 1'!F42 -> 250000 | G26: ='ขายรายเดือน 1'!G42 -> 250000 | H26: ='ขายรายเดือน 1'!H42 -> 250000 | I26: ='ขายรายเดือน 1'!I42 -> 250000 | J26: ='ขายรายเดือน 1'!J42 -> 250000 | K26: ='ขายรายเดือน 1'!K42 -> 250000 | ... O26: ='ขายรายเดือน 1'!O42 -> 250000 | Q26: ='ขายรายเดือน 1'!Q42 -> 3000000 | R26: เบี้ยรวม | S26: ='ขายรายเดือน 1'!S42 -> 329062.5 | T26: เงินเดือน (CB)
C27: รายได้ปีต่อ 3 | D27: ='ขายรายเดือน 1'!D43 -> 30000 | E27: ='ขายรายเดือน 1'!E43 -> 30000 | F27: ='ขายรายเดือน 1'!F43 -> 30000 | G27: ='ขายรายเดือน 1'!G43 -> 30000 | H27: ='ขายรายเดือน 1'!H43 -> 30000 | I27: ='ขายรายเดือน 1'!I43 -> 30000 | J27: ='ขายรายเดือน 1'!J43 -> 30000 | K27: ='ขายรายเดือน 1'!K43 -> 30000 | ... O27: ='ขายรายเดือน 1'!O43 -> 30000 | Q27: ='ขายรายเดือน 1'!Q43 -> 360000 | R27: รายได้ปีต่อ 3 | S27: ='ขายรายเดือน 1'!S43 -> 0 | T27: เงินสมทบ (NAB)
C28: รายได้ปีต่อ 2 | D28: ='ขายรายเดือน 1'!D44 -> 18750 | E28: ='ขายรายเดือน 1'!E44 -> 18750 | F28: ='ขายรายเดือน 1'!F44 -> 18750 | G28: ='ขายรายเดือน 1'!G44 -> 18750 | H28: ='ขายรายเดือน 1'!H44 -> 18750 | I28: ='ขายรายเดือน 1'!I44 -> 18750 | J28: ='ขายรายเดือน 1'!J44 -> 18750 | K28: ='ขายรายเดือน 1'!K44 -> 18750 | ... O28: ='ขายรายเดือน 1'!O44 -> 18750 | Q28: ='ขายรายเดือน 1'!Q44 -> 225000 | R28: รายได้ปีต่อ 2 | S28: ='ขายรายเดือน 1'!S44 -> 45000 | T28: เงินสะสม (SP)
C29: รายได้ปีต่อ 1 | D29: ='ขายรายเดือน 1'!D45 -> 9375 | E29: ='ขายรายเดือน 1'!E45 -> 9375 | F29: ='ขายรายเดือน 1'!F45 -> 9375 | G29: ='ขายรายเดือน 1'!G45 -> 9375 | H29: ='ขายรายเดือน 1'!H45 -> 9375 | I29: ='ขายรายเดือน 1'!I45 -> 9375 | J29: ='ขายรายเดือน 1'!J45 -> 9375 | K29: ='ขายรายเดือน 1'!K45 -> 9375 | ... O29: ='ขายรายเดือน 1'!O45 -> 9375 | Q29: ='ขายรายเดือน 1'!Q45 -> 112500 | R29: รายได้ปีต่อ 1
B32: ปีที่ | C32: เดือนที่ | D32: 49 | E32: 50 | F32: 51 | G32: 52 | H32: 53 | I32: 54 | J32: 55 | K32: 56 | L32: 57 | M32: 58 | N32: 59 | O32: 60
B33: 5 | C33: ราย | D33: ='ขายรายเดือน 1'!D49 -> 10 | E33: ='ขายรายเดือน 1'!E49 -> 10 | F33: ='ขายรายเดือน 1'!F49 -> 10 | G33: ='ขายรายเดือน 1'!G49 -> 10 | H33: ='ขายรายเดือน 1'!H49 -> 10 | I33: ='ขายรายเดือน 1'!I49 -> 10 | J33: ='ขายรายเดือน 1'!J49 -> 10 | K33: ='ขายรายเดือน 1'!K49 -> 10 | ... O33: ='ขายรายเดือน 1'!O49 -> 10 | Q33: ='ขายรายเดือน 1'!Q49 -> 120 | R33: ราย | S33: ='ขายรายเดือน 1'!S49 -> 315000 | T33: โบนัสรายเดือน (MB)
C34: รายได้ | D34: ='ขายรายเดือน 1'!D50 -> 100000 | E34: ='ขายรายเดือน 1'!E50 -> 100000 | F34: ='ขายรายเดือน 1'!F50 -> 100000 | G34: ='ขายรายเดือน 1'!G50 -> 100000 | H34: ='ขายรายเดือน 1'!H50 -> 100000 | I34: ='ขายรายเดือน 1'!I50 -> 100000 | J34: ='ขายรายเดือน 1'!J50 -> 100000 | K34: ='ขายรายเดือน 1'!K50 -> 100000 | ... O34: ='ขายรายเดือน 1'!O50 -> 100000 | Q34: ='ขายรายเดือน 1'!Q50 -> 1200000 | R34: รายได้รวม | S34: ='ขายรายเดือน 1'!S50 -> 315000 | T34: โบนัสครึ่งปี (MYB)
C35: เบี้ย | D35: ='ขายรายเดือน 1'!D51 -> 250000 | E35: ='ขายรายเดือน 1'!E51 -> 250000 | F35: ='ขายรายเดือน 1'!F51 -> 250000 | G35: ='ขายรายเดือน 1'!G51 -> 250000 | H35: ='ขายรายเดือน 1'!H51 -> 250000 | I35: ='ขายรายเดือน 1'!I51 -> 250000 | J35: ='ขายรายเดือน 1'!J51 -> 250000 | K35: ='ขายรายเดือน 1'!K51 -> 250000 | ... O35: ='ขายรายเดือน 1'!O51 -> 250000 | Q35: ='ขายรายเดือน 1'!Q51 -> 3000000 | R35: เบี้ยรวม | S35: ='ขายรายเดือน 1'!S51 -> 392343.75 | T35: เงินเดือน (CB)
C36: รายได้ปีต่อ 4 | D36: ='ขายรายเดือน 1'!D52 -> 30000 | E36: ='ขายรายเดือน 1'!E52 -> 30000 | F36: ='ขายรายเดือน 1'!F52 -> 30000 | G36: ='ขายรายเดือน 1'!G52 -> 30000 | H36: ='ขายรายเดือน 1'!H52 -> 30000 | I36: ='ขายรายเดือน 1'!I52 -> 30000 | J36: ='ขายรายเดือน 1'!J52 -> 30000 | K36: ='ขายรายเดือน 1'!K52 -> 30000 | ... O36: ='ขายรายเดือน 1'!O52 -> 30000 | Q36: ='ขายรายเดือน 1'!Q52 -> 360000 | R36: รายได้ปีต่อ 4 | S36: ='ขายรายเดือน 1'!S52 -> 0 | T36: เงินสมทบ (NAB)
C37: รายได้ปีต่อ 3 | D37: ='ขายรายเดือน 1'!D53 -> 18750 | E37: ='ขายรายเดือน 1'!E53 -> 18750 | F37: ='ขายรายเดือน 1'!F53 -> 18750 | G37: ='ขายรายเดือน 1'!G53 -> 18750 | H37: ='ขายรายเดือน 1'!H53 -> 18750 | I37: ='ขายรายเดือน 1'!I53 -> 18750 | J37: ='ขายรายเดือน 1'!J53 -> 18750 | K37: ='ขายรายเดือน 1'!K53 -> 18750 | ... O37: ='ขายรายเดือน 1'!O53 -> 18750 | Q37: ='ขายรายเดือน 1'!Q53 -> 225000 | R37: รายได้ปีต่อ 3 | S37: ='ขายรายเดือน 1'!S53 -> 45000 | T37: เงินสะสม (SP)
C38: รายได้ปีต่อ 1-2 | D38: ='ขายรายเดือน 1'!D54 -> 18750 | E38: ='ขายรายเดือน 1'!E54 -> 18750 | F38: ='ขายรายเดือน 1'!F54 -> 18750 | G38: ='ขายรายเดือน 1'!G54 -> 18750 | H38: ='ขายรายเดือน 1'!H54 -> 18750 | I38: ='ขายรายเดือน 1'!I54 -> 18750 | J38: ='ขายรายเดือน 1'!J54 -> 18750 | K38: ='ขายรายเดือน 1'!K54 -> 18750 | ... O38: ='ขายรายเดือน 1'!O54 -> 18750 | Q38: ='ขายรายเดือน 1'!Q54 -> 225000 | R38: รายได้ปีต่อ 1-2

Sheet รายได้ตัวแทน
F2: ผลประโยชน์ตัวแทน | L2: นับผลงาน | M2: K2 | O2: แบบประกัน(Com.) | P2: =COM!$B$1 -> สุพรีม ไลฟ์ โพรเทคเตอร์ A90/20 | S2: =COM!E1 -> 20SLPA
L3: =P4 -> 0.75 | M3: =IF($Q$6="Auto",'COM10'!K3,P6) -> 0.75
B4: ปีที่ | C4: พ.ศ. | D4: =P2 -> สุพรีม ไลฟ์ โพรเทคเตอร์ A90/20 | G4: โบนัสตัวแทน | I4: เงินเดือน (CB) | J4: เงินสมทบ (NAB) | K4: เงินสะสม (SP) | L4: รับรวม | M4: เฉลี่ยต่อเดือน | O4: นับผลงาน | P4: =COM!F1 -> 0.75
D6: FYP/RYP | E6: %COM | F6: FYC | G6: MB | H6: MYB | O6: K2 | P6: 0.85 | Q6: Auto
G7: =IF($M$3<70%,0, IF($F$8*$L$3/12>64000,"35%", IF(AND($F$8*$L$3/12>32000,$F$8*$L$3/12<=64000),"30%", IF(AND($F$8*$L$3/12>16000,$F$8*$L$3/12<=32000),"25%", IF(AND($F$8*$L$3/12>8000,$F$8*$L$3/12<=16000),"20%", 0))))) -> 35% | H7: =IF($F$8*$L$3/2>400000,"35%", IF(AND($F$8*$L$3/2>300000,$F$8*$L$3/2<=400000),"32.5%", IF(AND($F$8*$L$3/2>250000,$F$8*$L$3/2<=300000),"30%", IF(AND($F$8*$L$3/2>200000,$F$8*$L$3/2<=250000),"27.5%", IF(AND($F$8*$L$3/2>150000,$F$8*$L$3/2<=200000),"25%", IF(AND($F$8*$L$3/2>100000,$F$8*$L$3/2<=150000),"22.5%", IF(AND($F$8*$L$3/2>60000,$F$8*$L$3/2<=100000),"20%", IF(AND($F$8*$L$3/2>40000,$F$8*$L$3/2<=60000),"17.5%", 1))))))))*(IF($M$3<70%,0%,IF(AND($M$3>=70%,$M$3<85%),100%,IF($M$3>=85%,110%,)))) -> 0.35 | J7: =IF(Q10="Auto",Life!$E$10,IF(Q10="Manual",P10,0))*3&" ราย/3ด." -> 120 ราย/3ด. | K7: 0.05
B8: 1 | C8: =TIME!D5 -> 2569 | D8: =IF(Q8="Auto",'COM10'!C3,IF(Q8="Manual",P8,0)) -> 3000000 | E8: =IF($Q$13="Auto",'COM10'!C11,P13) -> 0.4 | F8: =D8*E8 -> 1200000 | G8: =F8*$L$3*$G$7 -> 315000 | H8: =IF($F$8*$L$3/2>400000,"35%", IF(AND($F$8*$L$3/2>300000,$F$8*$L$3/2<=400000),"32.5%", IF(AND($F$8*$L$3/2>250000,$F$8*$L$3/2<=300000),"30%", IF(AND($F$8*$L$3/2>200000,$F$8*$L$3/2<=250000),"27.5%", IF(AND($F$8*$L$3/2>150000,$F$8*$L$3/2<=200000),"25%", IF(AND($F$8*$L$3/2>100000,$F$8*$L$3/2<=150000),"22.5%", IF(AND($F$8*$L$3/2>60000,$F$8*$L$3/2<=100000),"20%", IF(AND($F$8*$L$3/2>40000,$F$8*$L$3/2<=60000),"17.5%", 1))))))))*$F8*$L$3 -> 315000 | J8: =IF($Q$10="Auto",(IF(AND(Life!$E$10*3>=5,F8*$L$3/4>=50000),15000,IF(AND(Life!$E$10*3>=3,F8*$L$3/4>=20000),6000,0))+IF(AND(Life!$E$10*3>=10,F8*$L$3/4>=100000),25000,IF(AND(Life!$E$10*3>=5,F8*$L$3/4>=40000),10000,0))), (IF(AND(P10*3>=5,F8*$L$3/4>=50000),15000,IF(AND(P10*3>=3,F8*$L$3/4>=20000),6000,0))+IF(AND(P10*3>=10,F8*$L$3/4>=100000),25000,IF(AND(P10*3>=5,F8*$L$3/4>=40000),10000,0)))) -> 40000 | K8: =F8*$L$3*$K$7 -> 45000 | L8: =SUM(F8:K8) -> 1915000 | M8: =L8/12 -> 159583.33 | O8: FYP | P8: 3000000 | Q8: Manual
B10: 2 | C10: =C8+1 -> 2570 | D10: =D8 -> 3000000 | E10: =IF($Q$13="Auto",'COM10'!C11,P13) -> 0.4 | F10: =D10*E10 -> 1200000 | G10: =F10*$L$3*$G$7 -> 315000 | H10: =$F10*$L$3*$H$7 -> 315000 | K10: =F10*$L$3*$K$7 -> 45000 | L10: =SUM(F10:K11) -> 2355000 | M10: =L10/12 -> 196250 | O10: เงินสมทบ (NAB) | P10: 2 | Q10: Auto
C11: =C8 -> 2569 | D11: =D8 -> 3000000 | E11: =IF($Q$13="Auto",'COM10'!C12,P15) -> 0.16 | F11: =D11*E11 -> 480000
B13: 3 | C13: =C8+2 -> 2571 | D13: =D8 -> 3000000 | E13: =IF($Q$13="Auto",'COM10'!C11,P13) -> 0.4 | F13: =D13*E13 -> 1200000 | G13: =F13*$L$3*$G$7 -> 315000 | H13: =$F13*$L$3*$H$7 -> 315000 | I13: =IF(AND(F10*$L$3>=200000,$M$3>=85%),F11*$M$3*$L$3*110%,IF(AND(F10*$L$3>=100000,$M$3>=75%),F11*$M$3*$L$3*100%,0)) -> 270000 | K13: =F13*$L$3*$K$7 -> 45000 | L13: =SUM(F13:K15) -> 2925000 | M13: =L13/12 -> 243750 | O13: FYC1 | P13: 0.3 | Q13: Auto
C14: =C8+1 -> 2570 | D14: =D8 -> 3000000 | E14: =IF($Q$13="Auto",'COM10'!C12,P15) -> 0.16 | F14: =D14*E14 -> 480000
C15: =C8 -> 2569 | D15: =D8 -> 3000000 | E15: =IF($Q$13="Auto",'COM10'!C13,P17) -> 0.1 | F15: =D15*E15 -> 300000 | O15: RYC2 | P15: 0.15
B17: 4 | C17: =C8+3 -> 2572 | D17: =D8 -> 3000000 | E17: =IF($Q$13="Auto",'COM10'!C11,P13) -> 0.4 | F17: =D17*E17 -> 1200000 | G17: =F17*$L$3*$G$7 -> 315000 | H17: =$F17*$L$3*$H$7 -> 315000 | I17: =IF(AND(F13*$L$3>=200000,$M$3>=85%),SUM(F14:F15)*$M$3*$L$3*110%,IF(AND(F13*$L$3>=100000,$M$3>=75%),SUM(F14:F15)*$M$3*$L$3*100%,0)) -> 438750 | K17: =F17*$L$3*$K$7 -> 45000 | L17: =SUM(F17:K20) -> 3243750 | M17: =L17/12 -> 270312.5 | O17: RYC3 | P17: 0.1
C18: =C8+2 -> 2571 | D18: =D8 -> 3000000 | E18: =IF($Q$13="Auto",'COM10'!C12,P15) -> 0.16 | F18: =D18*E18 -> 480000 | O18: RYC4 | P18: 0.05
C19: =C8+1 -> 2570 | D19: =D8 -> 3000000 | E19: =IF($Q$13="Auto",'COM10'!C13,P17) -> 0.1 | F19: =D19*E19 -> 300000 | O19: RYC5 | P19: 0.05
C20: =C8 -> 2569 | D20: =D8 -> 3000000 | E20: =IF($Q$13="Auto",'COM10'!C14,P18) -> 0.05 | F20: =D20*E20 -> 150000
B22: 5 | C22: =C8+4 -> 2573 | D22: =D8 -> 3000000 | E22: =IF($Q$13="Auto",'COM10'!C11,P13) -> 0.4 | F22: =D22*E22 -> 1200000 | G22: =F22*$L$3*$G$7 -> 315000 | H22: =$F22*$L$3*$H$7 -> 315000 | I22: =IF(AND(F17*$L$3>=200000,$M$3>=85%),SUM(F18:F20)*$M$3*$L$3*110%,IF(AND(F17*$L$3>=100000,$M$3>=75%),SUM(F18:F20)*$M$3*$L$3*100%,0)) -> 523125 | K22: =F22*$L$3*$K$7 -> 45000 | L22: =SUM(F22:K26) -> 3478125 | M22: =L22/12 -> 289843.75
C23: =C8+3 -> 2572 | D23: =D8 -> 3000000 | E23: =IF($Q$13="Auto",'COM10'!C12,P15) -> 0.16 | F23: =D23*E23 -> 480000
C24: =C8+2 -> 2571 | D24: =D8 -> 3000000 | E24: =IF($Q$13="Auto",'COM10'!C13,P17) -> 0.1 | F24: =D24*E24 -> 300000
C25: =C8+1 -> 2570 | D25: =D8 -> 3000000 | E25: =IF($Q$13="Auto",'COM10'!C14,P18) -> 0.05 | F25: =D25*E25 -> 150000
C26: =C8 -> 2569 | D26: =D8 -> 3000000 | E26: =IF($Q$13="Auto",'COM10'!C15,P19) -> 0.05 | F26: =D26*E26 -> 150000
B28: ยอดรายรับรวม | F28: FYC/RYC | G28: โบนัสเดือน | H28: โบนัสครึ่งปี | I28: เงินเดือน | J28: เงินสมทบ | K28: เงินสะสม | L28: รับรวม
F29: =SUM(F8:F26) -> 9270000 | G29: =SUM(G8:G26) -> 1575000 | H29: =SUM(H8:H26) -> 1575000 | I29: =SUM(I8:I26) -> 1231875 | J29: =SUM(J8:J26) -> 40000 | K29: =SUM(K8:K26) -> 225000 | L29: =SUM(F29:K29) -> 13916875 | M29: =(M8+M10+M13+M17+M22)/5 -> 231947.92
B30: ตลอดอายุกรมธรรม์ | F30: =F29/D8 -> 3.09 | G30: =G29/D8 -> 0.525 | H30: =H29/D8 -> 0.525 | I30: =I29/D8 -> 0.410625 | J30: =J29/D8 -> 0.013333333 | K30: =K29/D8 -> 0.075 | L30: =L29/D8 -> 4.6389583 | M30: =M29/D8 -> 0.077315972

Sheet รายได้ตัวแทน 5 ปี
F2: ผลประโยชน์ตัวแทน | L2: นับผลงาน | M2: K2 | O2: แบบประกัน(Com.) | P2: =COM!$B$1 -> สุพรีม ไลฟ์ โพรเทคเตอร์ A90/20 | S2: =COM!E1 -> 20SLPA
L3: =P3 -> 0.75 | M3: =IF($Q$4="Auto",'COM10'!K3,P4) -> 0.75 | O3: นับผลงาน | P3: =COM!F1 -> 0.75
B4: ปีที่ | C4: พ.ศ. | D4: =P2 -> สุพรีม ไลฟ์ โพรเทคเตอร์ A90/20 | G4: โบนัสตัวแทน | I4: เงินเดือน (CB) | J4: เงินสมทบ (NAB) | K4: เงินสะสม (SP) | L4: รับรวม | M4: เฉลี่ยต่อเดือน | O4: K2 | P4: 0.75 | Q4: Auto
D6: FYP/RYP | E6: %COM | F6: FYC | G6: MB | H6: MYB | O6: FYP | P6: 15000000 | Q6: Auto
G7: =IF($M$3<70%,0, IF($F$8*$P$3/12>64000,"35%", IF(AND($F$8*$P$3/12>32000,$F$8*$P$3/12<=64000),"30%", IF(AND($F$8*$P$3/12>16000,$F$8*$P$3/12<=32000),"25%", IF(AND($F$8*$P$3/12>8000,$F$8*$P$3/12<=16000),"20%", 0))))) -> 35% | H7: =IF($F$8*$P$3/2>400000,"35%", IF(AND($F$8*$P$3/2>300000,$F$8*$P$3/2<=400000),"32.5%", IF(AND($F$8*$P$3/2>250000,$F$8*$P$3/2<=300000),"30%", IF(AND($F$8*$P$3/2>200000,$F$8*$P$3/2<=250000),"27.5%", IF(AND($F$8*$P$3/2>150000,$F$8*$P$3/2<=200000),"25%", IF(AND($F$8*$P$3/2>100000,$F$8*$P$3/2<=150000),"22.5%", IF(AND($F$8*$P$3/2>60000,$F$8*$P$3/2<=100000),"20%", IF(AND($F$8*$P$3/2>40000,$F$8*$P$3/2<=60000),"17.5%", 1))))))))*(IF($M$3<70%,0%,IF(AND($M$3>=70%,$M$3<85%),100%,IF($M$3>=85%,110%,)))) -> 0.35 | J7: =IF(Q8="Auto",Life!$E$10,IF(Q8="Manual",P8,0))*3&" ราย/3ด." -> 120 ราย/3ด. | K7: 0.05
B8: 1 | C8: =TIME!D5 -> 2569 | D8: =IF(Q6="Auto",'COM10'!C3,IF(Q6="Manual",P6,0)) -> 48000000 | E8: =IF($Q$10="Auto",'COM10'!C11,P10) -> 0.4 | F8: =D8*E8 -> 19200000 | G8: =F8*$P$3*$G$7 -> 5040000 | H8: =IF($F$8*$P$3/2>400000,"35%", IF(AND($F$8*$P$3/2>300000,$F$8*$P$3/2<=400000),"32.5%", IF(AND($F$8*$P$3/2>250000,$F$8*$P$3/2<=300000),"30%", IF(AND($F$8*$P$3/2>200000,$F$8*$P$3/2<=250000),"27.5%", IF(AND($F$8*$P$3/2>150000,$F$8*$P$3/2<=200000),"25%", IF(AND($F$8*$P$3/2>100000,$F$8*$P$3/2<=150000),"22.5%", IF(AND($F$8*$P$3/2>60000,$F$8*$P$3/2<=100000),"20%", IF(AND($F$8*$P$3/2>40000,$F$8*$P$3/2<=60000),"17.5%", 1))))))))*$F8*$P$3 -> 5040000 | J8: =IF($Q$8="Auto",(IF(AND(Life!$E$10*3>=5,F8*$P$3/4>=50000),15000,IF(AND(Life!$E$10*3>=3,F8*$P$3/4>=20000),6000,0))+IF(AND(Life!$E$10*3>=10,F8*$P$3/4>=100000),25000,IF(AND(Life!$E$10*3>=5,F8*$P$3/4>=40000),10000,0))), (IF(AND(P8*3>=5,F8*$P$3/4>=50000),15000,IF(AND(P8*3>=3,F8*$P$3/4>=20000),6000,0))+IF(AND(P8*3>=10,F8*$P$3/4>=100000),25000,IF(AND(P8*3>=5,F8*$P$3/4>=40000),10000,0)))) -> 40000 | K8: =F8*$P$3*$K$7 -> 720000 | L8: =SUM(F8:K8) -> 30040000 | M8: =L8/12 -> 2503333.3 | O8: เงินสมทบ (NAB) | P8: 2 | Q8: Auto
B10: 2 | C10: =C8+1 -> 2570 | D10: =D8 -> 48000000 | E10: =IF($Q$10="Auto",'COM10'!C12,P11) -> 0.16 | F10: =D10*$P$3*E10 -> 5760000 | L10: =SUM(F10:K10) -> 5760000 | M10: =L10/12 -> 480000 | O10: FYC1 | P10: 0.3 | Q10: Auto
O11: RYC2 | P11: 0.15
B12: 3 | C12: =C8+2 -> 2571 | D12: =D8 -> 48000000 | E12: =IF($Q$10="Auto",'COM10'!C13,P13) -> 0.1 | F12: =D12*$P$3*E12 -> 3600000 | I12: =IF(AND($F$8*$P$3>=200000,$M$3>=85%),F10*$M$3*$L$3*110%,IF(AND($F$8*$P$3>=100000,$M$3>=75%),F10*$M$3*$L$3*100%,0)) -> 3240000 | L12: =SUM(F12:K12) -> 6840000 | M12: =L12/12 -> 570000
O13: RYC3 | P13: 0.1
B14: 4 | C14: =C8+3 -> 2572 | D14: =D8 -> 48000000 | E14: =IF($Q$10="Auto",'COM10'!C14,P15) -> 0.05 | F14: =D14*$P$3*E14 -> 1800000 | I14: =IF(AND($F$8*$P$3>=200000,$M$3>=85%),F12*$M$3*$L$3*110%,IF(AND($F$8*$P$3>=100000,$M$3>=75%),F12*$M$3*$L$3*100%,0)) -> 2025000 | L14: =SUM(F14:K14) -> 3825000 | M14: =L14/12 -> 318750
O15: RYC4 | P15: 0.05
B16: 5 | C16: =C8+4 -> 2573 | D16: =D8 -> 48000000 | E16: =IF($Q$10="Auto",'COM10'!C15,P17) -> 0.05 | F16: =D16*$P$3*E16 -> 1800000 | I16: =IF(AND($F$8*$P$3>=200000,$M$3>=85%),F14*$M$3*$L$3*110%,IF(AND($F$8*$P$3>=100000,$M$3>=75%),F14*$M$3*$L$3*100%,0)) -> 1012500 | L16: =SUM(F16:K16) -> 2812500 | M16: =L16/12 -> 234375
O17: RYC5 | P17: 0.05
B18: ยอดรายรับรวม | F18: FYC/RYC | G18: โบนัสเดือน | H18: โบนัสครึ่งปี | I18: เงินเดือน | J18: เงินสมทบ | K18: เงินสะสม | L18: รับรวม
F19: =SUM(F8:F16) -> 32160000 | G19: =SUM(G8:G16) -> 5040000 | H19: =SUM(H8:H16) -> 5040000 | I19: =SUM(I8:I16) -> 6277500 | J19: =SUM(J8:J16) -> 40000 | K19: =SUM(K8:K16) -> 720000 | L19: =SUM(F19:K19) -> 49277500 | M19: =(M8+M10+M12+M14+M16)/5 -> 821291.67
B20: ตลอดอายุกรมธรรม์ | F20: =F19/D8 -> 0.67 | G20: =G19/D8 -> 0.105 | H20: =H19/D8 -> 0.105 | I20: =I19/D8 -> 0.13078125 | J20: =J19/D8 -> 0.00083333333 | K20: =K19/D8 -> 0.015 | L20: =L19/D8 -> 1.0266146 | M20: =M19/D8 -> 0.017110243
